tiempo_pc,letra,pulgar,indice,corazon,anular,menique,ax,ay,az,gx,gy,gz
2026-06-12T17:16:09.791,A,51.8,68.9,65.9,87.8,67.8,1.2749,-0.1488,-1.234,0.0,0.0,0.0
2026-06-12T17:16:09.792,A,54.1,69.0,66.7,87.9,67.8,1.285,-0.1431,-1.2233,0.0,0.0,0.0
2026-06-12T17:16:09.792,A,56.6,69.2,67.7,87.9,67.6,1.2893,-0.1495,-1.2124,0.0,0.0,0.0
2026-06-12T17:16:09.792,A,58.3,69.2,69.1,87.9,67.4,1.292,-0.1509,-1.2037,0.0,0.0,0.0
2026-06-12T17:16:09.793,A,58.5,69.4,70.0,87.8,67.6,1.2934,-0.153,-1.1966,0.0,0.0,0.0
2026-06-12T17:16:09.793,A,58.2,69.5,71.0,87.6,67.8,1.2959,-0.1575,-1.1878,0.0,0.0,0.0
2026-06-12T17:16:09.794,A,57.8,69.8,72.0,87.6,68.0,1.2996,-0.1593,-1.1768,0.0,0.0,0.0
2026-06-12T17:16:09.794,A,57.2,69.9,72.6,87.5,68.4,1.3046,-0.1645,-1.1666,0.0,0.0,0.0
2026-06-12T17:16:09.913,A,554.1,70.1,75.6,87.1,70.9,1.308,-0.1692,-1.144,0.0,0.0,0.0
2026-06-12T17:16:10.075,A,54.7,70.1,75.6,87.0,71.1,1.3082,-0.1695,-1.1411,0.0,0.0,0.0
2026-06-12T17:16:10.237,A,55.6,70.1,75.8,87.0,71.3,1.3085,-0.1697,-1.1385,0.0,0.0,0.0
2026-06-12T17:16:10.399,A,53.5,70.3,75.7,86.9,71.5,1.3095,-0.1714,-1.1345,0.0,0.0,0.0
2026-06-12T17:16:10.561,A,51.3,70.4,75.6,87.0,71.6,1.3102,-0.1715,-1.1321,0.0,0.0,0.0
2026-06-12T17:16:10.723,A,49.2,70.3,75.5,86.9,71.8,1.3102,-0.172,-1.129,0.0,0.0,0.0
2026-06-12T17:16:10.885,A,47.1,70.3,75.4,86.9,72.0,1.3111,-0.1717,-1.1266,0.0,0.0,0.0
2026-06-12T17:16:11.047,A,45.0,70.4,75.4,86.9,72.2,1.312,-0.1717,-1.1246,0.0,0.0,0.0
2026-06-12T17:16:11.209,A,42.9,70.4,75.4,86.8,72.4,1.3114,-0.1725,-1.1225,0.0,0.0,0.0
2026-06-12T17:16:11.371,A,40.7,70.4,75.3,86.8,72.5,1.3123,-0.1717,-1.1203,0.0,0.0,0.0
2026-06-12T17:16:11.533,A,38.5,70.4,75.3,86.7,72.7,1.3134,-0.173,-1.1197,0.0,0.0,0.0
2026-06-12T17:16:11.695,A,36.1,70.5,75.4,86.7,72.9,1.3131,-0.174,-1.1176,0.0,0.0,0.0
2026-06-12T17:16:11.857,A,33.4,70.6,75.4,86.7,73.1,1.3123,-0.1747,-1.1169,0.0,0.0,0.0
2026-06-12T17:16:12.019,A,33.5,70.6,75.3,86.6,73.0,1.3125,-0.1751,-1.1155,0.0,0.0,0.0
2026-06-12T17:16:12.181,A,33.5,70.6,75.1,86.5,73.0,1.3136,-0.1749,-1.115,0.0,0.0,0.0
2026-06-12T17:16:12.343,A,33.7,70.6,75.0,86.4,72.9,1.3144,-0.1758,-1.1134,0.0,0.0,0.0
2026-06-12T17:16:12.505,A,33.7,70.6,74.9,86.3,72.9,1.3146,-0.1765,-1.1122,0.0,0.0,0.0
2026-06-12T17:16:12.667,A,33.7,70.7,74.6,86.2,73.1,1.3151,-0.1761,-1.1113,0.0,0.0,0.0
2026-06-12T17:16:12.829,A,33.6,70.7,74.5,86.1,73.3,1.3154,-0.1764,-1.1104,0.0,0.0,0.0
2026-06-12T17:16:12.991,A,33.7,70.7,74.2,86.0,73.3,1.3147,-0.1766,-1.109,0.0,0.0,0.0
2026-06-12T17:16:13.153,A,34.0,70.8,74.2,85.9,73.3,1.3147,-0.1771,-1.1096,0.0,0.0,0.0
2026-06-12T17:16:13.315,A,34.0,70.9,74.2,85.8,73.3,1.3146,-0.1778,-1.1094,0.0,0.0,0.0
2026-06-12T17:16:13.477,A,34.0,70.9,74.2,85.7,73.3,1.3144,-0.1781,-1.1101,0.0,0.0,0.0
2026-06-12T17:16:13.639,A,34.1,70.8,74.1,85.6,73.2,1.3144,-0.1781,-1.1101,0.0,0.0,0.0
2026-06-12T17:16:13.801,A,34.2,70.8,74.1,85.5,73.1,1.3146,-0.1779,-1.1111,0.0,0.0,0.0
2026-06-12T17:16:13.963,A,34.2,71.0,74.1,85.4,73.0,1.3142,-0.1786,-1.1104,0.0,0.0,0.0
2026-06-12T17:16:14.125,A,34.1,71.1,74.0,85.3,72.9,1.3144,-0.1782,-1.1099,0.0,0.0,0.0
2026-06-12T17:16:14.287,A,34.2,71.1,73.9,85.3,72.9,1.3138,-0.178,-1.1103,0.0,0.0,0.0
2026-06-12T17:16:14.449,A,34.2,71.2,73.9,85.3,72.9,1.3145,-0.1791,-1.1096,0.0,0.0,0.0
2026-06-12T17:16:14.611,A,34.1,71.2,73.8,85.3,72.9,1.3139,-0.179,-1.1107,0.0,0.0,0.0
2026-06-12T17:16:14.773,A,33.9,71.1,73.8,85.3,72.9,1.3141,-0.1794,-1.1108,0.0,0.0,0.0
2026-06-12T17:16:14.935,A,33.9,71.1,73.6,85.3,72.8,1.3141,-0.1789,-1.1111,0.0,0.0,0.0
2026-06-12T17:16:15.097,A,33.9,71.1,73.5,85.3,72.9,1.3142,-0.1775,-1.1122,0.0,0.0,0.0
2026-06-12T17:16:15.259,A,33.7,71.1,73.4,85.3,72.9,1.3141,-0.1788,-1.1126,0.0,0.0,0.0
2026-06-12T17:16:15.421,A,33.7,71.1,73.3,85.3,73.0,1.3132,-0.1778,-1.1139,0.0,0.0,0.0
2026-06-12T17:16:15.583,A,33.7,71.1,73.2,85.3,73.0,1.3136,-0.1787,-1.1125,0.0,0.0,0.0
2026-06-12T17:16:15.745,A,33.9,71.1,73.1,85.3,73.2,1.3139,-0.1782,-1.1126,0.0,0.0,0.0
2026-06-12T17:16:15.907,A,34.0,71.0,73.0,85.3,73.2,1.3131,-0.1781,-1.1122,0.0,0.0,0.0
2026-06-12T17:16:16.069,A,34.0,71.0,72.9,85.3,73.3,1.3134,-0.1789,-1.1118,0.0,0.0,0.0
2026-06-12T17:16:16.231,A,34.1,71.0,73.0,85.4,73.4,1.3128,-0.1787,-1.1126,0.0,0.0,0.0
2026-06-12T17:16:16.393,A,34.4,71.0,73.2,85.4,73.6,1.3136,-0.1799,-1.1133,0.0,0.0,0.0
2026-06-12T17:16:16.555,A,34.6,70.9,73.1,85.4,73.6,1.313,-0.1788,-1.1134,0.0,0.0,0.0
2026-06-12T17:16:16.717,A,34.6,70.9,73.2,85.3,73.8,1.3125,-0.1795,-1.1133,0.0,0.0,0.0
2026-06-12T17:16:16.879,A,34.7,70.9,73.2,85.3,74.0,1.3133,-0.1793,-1.1141,0.0,0.0,0.0
2026-06-12T17:16:17.041,A,34.8,70.9,73.2,85.3,74.2,1.3125,-0.1804,-1.1154,0.0,0.0,0.0
2026-06-12T17:16:17.203,A,34.9,70.9,73.2,85.3,74.3,1.312,-0.1813,-1.1156,0.0,0.0,0.0
2026-06-12T17:16:17.365,A,34.9,70.9,73.2,85.3,74.4,1.3115,-0.1818,-1.1168,0.0,0.0,0.0
2026-06-12T17:16:17.527,A,34.9,70.8,73.1,85.3,74.5,1.3107,-0.183,-1.1161,0.0,0.0,0.0
2026-06-12T17:16:17.689,A,34.9,70.8,72.9,85.3,74.5,1.3103,-0.1835,-1.1166,0.0,0.0,0.0
2026-06-12T17:16:17.851,A,34.8,70.8,72.6,85.3,74.5,1.31,-0.1836,-1.1172,0.0,0.0,0.0
2026-06-12T17:16:18.013,A,34.7,70.8,72.5,85.3,74.5,1.3104,-0.1838,-1.1171,0.0,0.0,0.0
2026-06-12T17:16:18.175,A,34.6,70.8,72.2,85.3,74.6,1.3109,-0.1833,-1.1172,0.0,0.0,0.0
2026-06-12T17:16:18.337,A,34.4,70.8,71.7,85.4,74.6,1.3112,-0.1834,-1.1178,0.0,0.0,0.0
2026-06-12T17:16:18.499,A,34.4,70.8,71.2,85.4,74.6,1.3108,-0.1842,-1.1175,0.0,0.0,0.0
2026-06-12T17:16:18.661,A,34.4,70.8,70.5,85.4,74.7,1.3108,-0.1825,-1.1178,0.0,0.0,0.0
2026-06-12T17:16:18.823,A,34.3,70.8,69.8,85.4,74.7,1.3105,-0.1832,-1.1175,0.0,0.0,0.0
2026-06-12T17:16:18.985,A,34.2,70.8,69.2,85.4,75.0,1.3108,-0.1827,-1.117,0.0,0.0,0.0
2026-06-12T17:16:19.147,A,34.3,70.8,68.5,85.4,75.1,1.3104,-0.1832,-1.1181,0.0,0.0,0.0
2026-06-12T17:16:19.309,A,34.3,70.8,68.0,85.4,75.3,1.3112,-0.1832,-1.1177,0.0,0.0,0.0
2026-06-12T17:16:19.471,A,34.4,70.8,67.3,85.4,75.4,1.3112,-0.1823,-1.1189,0.0,0.0,0.0
2026-06-12T17:16:19.633,A,34.3,70.8,66.7,85.5,75.5,1.3109,-0.1835,-1.1193,0.0,0.0,0.0
2026-06-12T17:16:19.795,A,34.4,70.8,65.9,85.4,75.5,1.3105,-0.1829,-1.1202,0.0,0.0,0.0
2026-06-12T17:18:23.727,E,8.1,66.2,75.7,71.5,82.5,1.3694,-0.0189,-0.8632,0.0,0.0,0.0
2026-06-12T17:18:23.889,E,8.1,66.2,75.4,71.5,82.5,1.3693,-0.0209,-0.8642,0.0,0.0,0.0
2026-06-12T17:18:24.051,E,7.9,66.2,75.1,71.4,82.3,1.369,-0.0223,-0.8658,0.0,0.0,0.0
2026-06-12T17:18:24.213,E,7.8,66.1,74.8,71.4,82.1,1.3686,-0.0234,-0.8659,0.0,0.0,0.0
2026-06-12T17:18:24.375,E,7.5,66.1,74.7,71.3,82.0,1.3689,-0.0236,-0.8679,0.0,0.0,0.0
2026-06-12T17:18:24.537,E,6.1,66.1,74.7,71.3,81.6,1.3679,-0.0248,-0.8685,0.0,0.0,0.0
2026-06-12T17:18:24.699,E,5.1,66.1,74.7,71.3,81.3,1.3679,-0.0256,-0.87,0.0,0.0,0.0
2026-06-12T17:18:24.861,E,0.0,66.1,74.9,71.3,81.2,1.3681,-0.0253,-0.8695,0.0,0.0,0.0
2026-06-12T17:18:25.023,E,0.0,66.2,75.1,71.2,81.1,1.3674,-0.0254,-0.87,0.0,0.0,0.0
2026-06-12T17:18:25.185,E,0.0,66.2,75.3,71.2,81.0,1.3672,-0.0265,-0.8708,0.0,0.0,0.0
2026-06-12T17:18:25.347,E,0.0,66.2,75.5,71.2,80.9,1.3677,-0.0264,-0.8715,0.0,0.0,0.0
2026-06-12T17:18:25.509,E,0.0,66.3,75.8,71.2,80.9,1.3677,-0.0265,-0.8714,0.0,0.0,0.0
2026-06-12T17:18:25.671,E,0.0,66.3,76.0,71.2,80.6,1.3684,-0.027,-0.8715,0.0,0.0,0.0
2026-06-12T17:18:25.833,E,0.0,66.3,76.2,71.2,80.5,1.3675,-0.0272,-0.8719,0.0,0.0,0.0
2026-06-12T17:18:25.995,E,0.0,66.4,76.2,71.2,80.4,1.3681,-0.0278,-0.8717,0.0,0.0,0.0
2026-06-12T17:18:26.157,E,0.0,66.4,76.2,71.3,80.3,1.3681,-0.0279,-0.8724,0.0,0.0,0.0
2026-06-12T17:18:26.319,E,0.0,66.4,76.1,71.3,80.0,1.3674,-0.0278,-0.8721,0.0,0.0,0.0
2026-06-12T17:18:26.481,E,0.0,66.5,76.2,71.3,79.8,1.3674,-0.0309,-0.8717,0.0,0.0,0.0
2026-06-12T17:18:26.643,E,0.0,66.6,76.2,71.4,79.7,1.3676,-0.0313,-0.8712,0.0,0.0,0.0
2026-06-12T17:18:26.805,E,0.0,66.6,76.1,71.4,79.6,1.3687,-0.031,-0.8692,0.0,0.0,0.0
2026-06-12T17:18:26.967,E,0.0,66.6,75.9,71.4,79.6,1.3693,-0.0305,-0.8685,0.0,0.0,0.0
2026-06-12T17:18:27.129,E,0.0,66.7,75.7,71.5,79.5,1.3697,-0.0314,-0.868,0.0,0.0,0.0
2026-06-12T17:18:27.291,E,0.0,66.7,75.4,71.5,79.4,1.3695,-0.0318,-0.8682,0.0,0.0,0.0
2026-06-12T17:18:27.453,E,0.0,66.8,75.3,71.6,79.3,1.3691,-0.0333,-0.8679,0.0,0.0,0.0
2026-06-12T17:18:27.615,E,0.0,66.8,75.3,71.6,79.1,1.3691,-0.0332,-0.8691,0.0,0.0,0.0
2026-06-12T17:18:27.777,E,0.0,66.8,75.4,71.6,79.1,1.3691,-0.0337,-0.8686,0.0,0.0,0.0
2026-06-12T17:18:27.939,E,0.0,66.9,75.5,71.6,79.0,1.3685,-0.034,-0.8697,0.0,0.0,0.0
2026-06-12T17:18:28.101,E,0.0,66.9,75.7,71.6,78.9,1.3678,-0.0351,-0.8695,0.0,0.0,0.0
2026-06-12T17:18:28.263,E,0.0,67.0,75.7,71.6,78.8,1.368,-0.0352,-0.871,0.0,0.0,0.0
2026-06-12T17:18:28.425,E,0.0,67.0,75.6,71.7,78.7,1.3682,-0.0352,-0.8717,0.0,0.0,0.0
2026-06-12T17:18:28.587,E,0.0,67.1,75.5,71.7,78.6,1.3682,-0.0356,-0.8723,0.0,0.0,0.0
2026-06-12T17:18:28.749,E,0.0,67.1,75.3,71.8,78.4,1.3679,-0.0358,-0.8712,0.0,0.0,0.0
2026-06-12T17:18:28.911,E,0.0,67.1,75.2,71.8,78.1,1.3686,-0.0354,-0.8714,0.0,0.0,0.0
2026-06-12T17:18:29.073,E,3.9,67.2,75.1,71.7,77.9,1.3693,-0.0348,-0.8713,0.0,0.0,0.0
2026-06-12T17:18:29.235,E,3.7,67.2,75.0,71.6,77.3,1.3699,-0.0352,-0.8712,0.0,0.0,0.0
2026-06-12T17:18:29.397,E,0.0,67.2,74.9,71.6,77.2,1.3691,-0.0344,-0.8713,0.0,0.0,0.0
2026-06-12T17:18:29.559,E,0.0,67.2,74.8,71.5,77.3,1.3689,-0.0343,-0.8708,0.0,0.0,0.0
2026-06-12T17:18:29.721,E,0.0,67.2,74.9,71.4,77.8,1.3682,-0.0345,-0.8709,0.0,0.0,0.0
2026-06-12T17:18:29.883,E,0.0,67.2,74.9,71.4,78.2,1.368,-0.0352,-0.8709,0.0,0.0,0.0
2026-06-12T17:18:30.045,E,0.0,67.2,75.0,71.3,78.7,1.3678,-0.0359,-0.8711,0.0,0.0,0.0
2026-06-12T17:18:30.207,E,0.0,67.2,74.9,71.2,79.3,1.3673,-0.0366,-0.8728,0.0,0.0,0.0
2026-06-12T17:18:30.369,E,0.0,67.2,74.9,71.2,80.0,1.3674,-0.0365,-0.8727,0.0,0.0,0.0
2026-06-12T17:18:30.531,E,0.0,67.2,74.9,71.1,80.7,1.3674,-0.037,-0.872,0.0,0.0,0.0
2026-06-12T17:18:30.693,E,0.0,67.2,74.8,71.0,81.4,1.3674,-0.038,-0.874,0.0,0.0,0.0
2026-06-12T17:18:30.855,E,0.0,67.2,74.7,70.9,82.1,1.3674,-0.0384,-0.8755,0.0,0.0,0.0
2026-06-12T17:18:31.017,E,0.0,67.2,74.6,70.8,82.8,1.3675,-0.0379,-0.8757,0.0,0.0,0.0
2026-06-12T17:18:31.179,E,0.0,67.2,74.6,70.6,83.4,1.3671,-0.0375,-0.875,0.0,0.0,0.0
2026-06-12T17:18:31.341,E,0.0,67.2,74.7,70.5,84.3,1.3663,-0.0377,-0.8738,0.0,0.0,0.0
2026-06-12T17:18:31.503,E,0.0,67.2,74.7,70.4,85.0,1.3672,-0.0378,-0.8743,0.0,0.0,0.0
2026-06-12T17:18:31.665,E,0.0,67.2,74.8,70.3,85.8,1.367,-0.0379,-0.8742,0.0,0.0,0.0
2026-06-12T17:18:31.827,E,0.0,67.1,74.9,70.0,86.6,1.3672,-0.0385,-0.8748,0.0,0.0,0.0
2026-06-12T17:18:31.989,E,0.0,67.2,75.0,69.9,87.4,1.3673,-0.039,-0.8755,0.0,0.0,0.0
2026-06-12T17:18:32.151,E,0.0,67.2,75.1,69.7,88.3,1.3672,-0.0391,-0.8752,0.0,0.0,0.0
2026-06-12T17:18:32.313,E,3.9,67.2,75.2,69.5,89.1,1.3673,-0.0398,-0.8755,0.0,0.0,0.0
2026-06-12T17:18:32.475,E,4.5,67.2,75.4,69.3,89.9,1.3667,-0.0396,-0.8769,0.0,0.0,0.0
2026-06-12T17:18:32.637,E,4.6,67.2,75.6,69.1,90.7,1.3668,-0.0393,-0.878,0.0,0.0,0.0
2026-06-12T17:18:32.799,E,4.8,67.2,75.9,68.9,91.5,1.367,-0.0389,-0.878,0.0,0.0,0.0
2026-06-12T17:18:32.961,E,4.7,67.2,76.1,68.7,92.3,1.367,-0.0379,-0.8788,0.0,0.0,0.0
2026-06-12T17:18:33.123,E,5.0,67.2,76.2,68.6,92.9,1.3671,-0.038,-0.8793,0.0,0.0,0.0
2026-06-12T17:18:33.285,E,5.1,67.1,76.2,68.6,94.0,1.367,-0.0384,-0.8804,0.0,0.0,0.0
2026-06-12T17:18:33.447,E,5.1,67.1,76.3,68.5,94.6,1.3665,-0.0389,-0.8815,0.0,0.0,0.0
2026-06-12T17:18:33.609,E,5.1,67.1,76.5,68.3,94.9,1.3662,-0.0397,-0.8826,0.0,0.0,0.0
2026-06-12T17:18:33.771,E,5.3,67.1,76.4,68.2,95.0,1.3663,-0.0392,-0.8835,0.0,0.0,0.0
2026-06-12T17:22:24.302,I,75.5,86.6,4.7,23.1,0.0,1.3253,-0.0941,-1.1504,0.0,0.0,0.0
2026-06-12T17:22:24.464,I,75.6,86.4,3.4,23.0,0.0,1.3237,-0.0942,-1.1502,0.0,0.0,0.0
2026-06-12T17:22:24.626,I,75.7,84.6,0.0,23.1,0.0,1.3252,-0.0957,-1.1511,0.0,0.0,0.0
2026-06-12T17:22:24.788,I,75.9,82.9,0.0,23.0,0.0,1.3251,-0.0939,-1.1518,0.0,0.0,0.0
2026-06-12T17:22:24.950,I,75.9,81.1,0.0,22.9,0.0,1.3256,-0.0962,-1.1523,0.0,0.0,0.0
2026-06-12T17:22:25.112,I,75.9,80.9,0.0,22.9,0.0,1.3249,-0.095,-1.1535,0.0,0.0,0.0
2026-06-12T17:22:25.274,I,75.9,81.0,0.0,22.7,0.0,1.325,-0.0946,-1.1548,0.0,0.0,0.0
2026-06-12T17:22:25.436,I,75.5,80.7,0.0,22.2,0.0,1.3244,-0.0949,-1.1552,0.0,0.0,0.0
2026-06-12T17:22:25.598,I,75.2,81.0,0.0,21.6,0.0,1.3243,-0.0952,-1.155,0.0,0.0,0.0
2026-06-12T17:22:25.760,I,75.0,81.1,0.0,21.1,0.0,1.3254,-0.0953,-1.156,0.0,0.0,0.0
2026-06-12T17:22:25.922,I,75.1,81.3,0.0,20.5,0.0,1.3234,-0.0949,-1.1558,0.0,0.0,0.0
2026-06-12T17:22:26.084,I,74.8,81.3,0.0,19.9,0.0,1.323,-0.0974,-1.1562,0.0,0.0,0.0
2026-06-12T17:22:26.246,I,74.8,82.4,0.0,19.4,0.0,1.3224,-0.0965,-1.1567,0.0,0.0,0.0
2026-06-12T17:22:26.408,I,74.9,81.5,0.0,18.7,0.0,1.3208,-0.097,-1.1551,0.0,0.0,0.0
2026-06-12T17:22:26.570,I,75.2,81.3,0.0,18.2,0.0,1.3246,-0.1015,-1.1571,0.0,0.0,0.0
2026-06-12T17:22:26.732,I,74.3,84.2,4.5,17.5,0.0,1.3192,-0.0992,-1.1583,0.0,0.0,0.0
2026-06-12T17:22:26.894,I,73.4,86.8,4.2,17.4,0.0,1.3168,-0.1018,-1.1577,0.0,0.0,0.0
2026-06-12T17:22:27.056,I,71.2,89.6,4.9,17.4,0.0,1.3174,-0.1012,-1.1725,0.0,0.0,0.0
2026-06-12T17:22:27.218,I,68.7,92.5,6.8,17.1,0.0,1.3187,-0.1036,-1.17,0.0,0.0,0.0
2026-06-12T17:22:27.380,I,67.2,100.0,7.6,17.0,0.0,1.3122,-0.1015,-1.1776,0.0,0.0,0.0
2026-06-12T17:22:27.542,I,65.0,100.0,9.4,17.0,0.0,1.3134,-0.1028,-1.1826,0.0,0.0,0.0
2026-06-12T17:22:27.704,I,62.1,100.0,10.7,17.5,0.0,1.3124,-0.1032,-1.1854,0.0,0.0,0.0
2026-06-12T17:22:27.866,I,59.3,100.0,11.5,18.0,0.0,1.3118,-0.1035,-1.1893,0.0,0.0,0.0
2026-06-12T17:22:28.028,I,56.4,100.0,11.8,18.5,0.0,1.3117,-0.1016,-1.1928,0.0,0.0,0.0
2026-06-12T17:22:28.190,I,53.3,100.0,12.2,18.9,0.0,1.3113,-0.0995,-1.1976,0.0,0.0,0.0
2026-06-12T17:22:28.352,I,51.5,100.0,12.6,19.3,0.0,1.3114,-0.0979,-1.2,0.0,0.0,0.0
2026-06-12T17:22:28.514,I,50.1,100.0,14.6,19.6,0.0,1.3114,-0.0996,-1.2031,0.0,0.0,0.0
2026-06-12T17:22:28.676,I,49.8,100.0,16.8,20.0,0.0,1.3099,-0.0986,-1.2043,0.0,0.0,0.0
2026-06-12T17:22:28.838,I,49.9,100.0,19.4,20.6,0.0,1.3103,-0.1001,-1.2049,0.0,0.0,0.0
2026-06-12T17:22:29.000,I,49.2,100.0,22.0,21.2,0.0,1.3101,-0.0991,-1.2055,0.0,0.0,0.0
2026-06-12T17:22:29.162,I,48.8,100.0,24.5,21.4,0.0,1.3081,-0.097,-1.2075,0.0,0.0,0.0
2026-06-12T17:22:29.324,I,49.3,100.0,27.0,21.6,0.0,1.3067,-0.0935,-1.209,0.0,0.0,0.0
2026-06-12T17:22:29.486,I,50.2,100.0,29.6,21.6,0.0,1.307,-0.0924,-1.2155,0.0,0.0,0.0
2026-06-12T17:22:29.648,I,51.7,100.0,32.4,21.6,0.0,1.3045,-0.0912,-1.218,0.0,0.0,0.0
2026-06-12T17:22:29.810,I,54.1,100.0,35.2,21.6,0.0,1.3028,-0.0899,-1.2216,0.0,0.0,0.0
2026-06-12T17:22:29.972,I,56.4,100.0,37.9,21.6,0.0,1.303,-0.093,-1.224,0.0,0.0,0.0
2026-06-12T17:22:30.134,I,58.3,100.0,40.7,21.6,0.0,1.3025,-0.0934,-1.2248,0.0,0.0,0.0
2026-06-12T17:22:30.296,I,60.0,100.0,43.1,21.6,0.0,1.3013,-0.0934,-1.2262,0.0,0.0,0.0
2026-06-12T17:22:30.458,I,61.6,100.0,44.3,21.6,0.0,1.3019,-0.0934,-1.2273,0.0,0.0,0.0
2026-06-12T17:22:30.620,I,63.2,100.0,44.2,21.5,0.0,1.3002,-0.0936,-1.2276,0.0,0.0,0.0
2026-06-12T17:22:30.782,I,64.9,100.0,44.7,21.5,0.0,1.3011,-0.0942,-1.2281,0.0,0.0,0.0
2026-06-12T17:22:30.944,I,67.0,100.0,47.9,20.9,0.0,1.3009,-0.0939,-1.2291,0.0,0.0,0.0
2026-06-12T17:22:31.106,I,68.6,100.0,50.4,20.4,0.0,1.3009,-0.094,-1.2315,0.0,0.0,0.0
2026-06-12T17:22:31.268,I,69.3,100.0,52.2,20.4,0.0,1.2992,-0.0928,-1.2318,0.0,0.0,0.0
2026-06-12T17:22:31.430,I,69.6,100.0,55.1,20.6,0.0,1.3,-0.0936,-1.2332,0.0,0.0,0.0
2026-06-12T17:22:31.592,I,69.8,100.0,57.1,20.7,0.0,1.3003,-0.0935,-1.232,0.0,0.0,0.0
2026-06-12T17:22:31.754,I,70.1,100.0,59.5,20.1,0.0,1.3002,-0.0933,-1.2315,0.0,0.0,0.0
2026-06-12T17:22:31.916,I,70.8,100.0,62.6,19.6,0.0,1.3017,-0.0945,-1.2306,0.0,0.0,0.0
2026-06-12T17:22:32.078,I,71.4,100.0,66.0,19.1,0.0,1.3013,-0.0935,-1.228,0.0,0.0,0.0
2026-06-12T17:22:32.240,I,71.8,100.0,69.5,18.7,0.0,1.3021,-0.0918,-1.2267,0.0,0.0,0.0
2026-06-12T17:22:32.402,I,72.2,100.0,72.9,18.3,0.0,1.3038,-0.0934,-1.2263,0.0,0.0,0.0
2026-06-12T17:22:32.564,I,72.4,100.0,74.7,17.8,0.0,1.3037,-0.093,-1.2246,0.0,0.0,0.0
2026-06-12T17:22:32.726,I,72.6,100.0,76.2,17.3,0.0,1.3038,-0.0947,-1.2238,0.0,0.0,0.0
2026-06-12T17:22:32.888,I,73.0,100.0,77.4,16.7,0.0,1.3047,-0.0948,-1.2242,0.0,0.0,0.0
2026-06-12T17:22:33.050,I,73.1,100.0,78.6,16.1,0.0,1.3058,-0.095,-1.2251,0.0,0.0,0.0
2026-06-12T17:22:33.212,I,73.2,100.0,79.6,15.8,0.0,1.3058,-0.0943,-1.2246,0.0,0.0,0.0
2026-06-12T17:22:33.374,I,73.2,100.0,80.5,15.7,0.0,1.3063,-0.0947,-1.2224,0.0,0.0,0.0
2026-06-12T17:22:33.536,I,73.3,100.0,81.1,15.7,0.0,1.3059,-0.0943,-1.2206,0.0,0.0,0.0
2026-06-12T17:22:33.698,I,73.3,100.0,81.6,15.8,0.0,1.3066,-0.0946,-1.2196,0.0,0.0,0.0
2026-06-12T17:22:33.860,I,73.3,100.0,82.2,15.8,0.0,1.3067,-0.0947,-1.2195,0.0,0.0,0.0
2026-06-12T17:22:34.022,I,73.3,100.0,82.8,15.8,0.0,1.3074,-0.0953,-1.2192,0.0,0.0,0.0
2026-06-12T17:22:34.184,I,73.3,100.0,83.4,15.9,0.0,1.3067,-0.0967,-1.2181,0.0,0.0,0.0
2026-06-12T17:22:34.346,I,73.2,100.0,84.3,16.0,0.0,1.3069,-0.0991,-1.2174,0.0,0.0,0.0
2026-06-12T17:23:07.881,O,85.0,59.0,0.0,0.0,0.0,1.2664,-0.1213,-0.4425,0.0,0.0,0.0
2026-06-12T17:23:08.042,O,85.7,58.9,0.0,0.0,0.0,1.2662,-0.1188,-0.4408,0.0,0.0,0.0
2026-06-12T17:23:08.204,O,86.4,58.9,0.0,0.0,0.0,1.2665,-0.1198,-0.4424,0.0,0.0,0.0
2026-06-12T17:23:08.366,O,86.9,58.9,0.0,0.0,0.0,1.2658,-0.1186,-0.439,0.0,0.0,0.0
2026-06-12T17:23:08.528,O,87.2,58.9,0.0,0.0,0.0,1.2668,-0.1188,-0.4429,0.0,0.0,0.0
2026-06-12T17:23:08.690,O,87.3,58.9,0.0,0.0,0.0,1.2657,-0.118,-0.4395,0.0,0.0,0.0
2026-06-12T17:23:08.852,O,87.3,58.9,0.0,0.0,0.0,1.2658,-0.1186,-0.4399,0.0,0.0,0.0
2026-06-12T17:23:09.014,O,87.3,58.9,0.0,0.0,0.0,1.2652,-0.1204,-0.44,0.0,0.0,0.0
2026-06-12T17:23:09.176,O,87.3,58.8,0.0,0.0,0.0,1.2648,-0.12,-0.4371,0.0,0.0,0.0
2026-06-12T17:23:09.338,O,87.3,58.8,0.0,0.0,0.0,1.2649,-0.1221,-0.439,0.0,0.0,0.0
2026-06-12T17:23:09.500,O,87.3,58.7,0.0,0.0,0.0,1.2643,-0.123,-0.4383,0.0,0.0,0.0
2026-06-12T17:23:09.662,O,87.3,58.7,0.0,0.0,0.0,1.2647,-0.1223,-0.4385,0.0,0.0,0.0
2026-06-12T17:23:09.824,O,87.4,58.7,0.0,0.0,0.0,1.265,-0.1247,-0.4421,0.0,0.0,0.0
2026-06-12T17:23:09.986,O,87.4,58.7,0.0,0.0,0.0,1.2639,-0.1216,-0.4367,0.0,0.0,0.0
2026-06-12T17:23:10.148,O,87.5,58.7,0.0,0.0,0.0,1.2619,-0.1256,-0.4314,0.0,0.0,0.0
2026-06-12T17:23:10.310,O,87.7,58.7,0.0,0.0,0.0,1.262,-0.1266,-0.4334,0.0,0.0,0.0
2026-06-12T17:23:10.472,O,87.7,58.7,0.0,0.0,0.0,1.2611,-0.1267,-0.4312,0.0,0.0,0.0
2026-06-12T17:23:10.634,O,87.9,58.7,0.0,0.0,0.0,1.261,-0.1285,-0.4322,0.0,0.0,0.0
2026-06-12T17:23:10.796,O,87.9,58.7,0.0,0.0,0.0,1.2607,-0.1291,-0.4324,0.0,0.0,0.0
2026-06-12T17:23:10.958,O,88.0,58.7,0.0,0.0,0.0,1.261,-0.1289,-0.4331,0.0,0.0,0.0
2026-06-12T17:23:11.120,O,88.1,58.8,0.0,0.0,0.0,1.2615,-0.1305,-0.435,0.0,0.0,0.0
2026-06-12T17:23:11.282,O,88.2,58.8,0.0,0.0,0.0,1.2615,-0.1315,-0.4354,0.0,0.0,0.0
2026-06-12T17:23:11.444,O,88.2,58.8,0.0,0.0,0.0,1.2616,-0.1321,-0.436,0.0,0.0,0.0
2026-06-12T17:23:11.606,O,88.0,58.8,0.0,0.0,0.0,1.2619,-0.1327,-0.4373,0.0,0.0,0.0
2026-06-12T17:23:11.768,O,87.9,58.9,0.0,0.0,0.0,1.2624,-0.1327,-0.4379,0.0,0.0,0.0
2026-06-12T17:23:11.930,O,87.9,59.0,0.0,0.0,0.0,1.2626,-0.1314,-0.4374,0.0,0.0,0.0
2026-06-12T17:23:12.092,O,87.8,59.1,0.0,0.0,0.0,1.2631,-0.1318,-0.4394,0.0,0.0,0.0
2026-06-12T17:23:12.254,O,87.7,59.1,0.0,0.0,0.0,1.2633,-0.1315,-0.4404,0.0,0.0,0.0
2026-06-12T17:23:12.416,O,87.7,59.1,0.0,0.0,0.0,1.2637,-0.1316,-0.4417,0.0,0.0,0.0
2026-06-12T17:23:12.578,O,87.7,59.1,0.0,0.0,0.0,1.2643,-0.1314,-0.4442,0.0,0.0,0.0
2026-06-12T17:23:12.740,O,87.7,59.1,0.0,0.0,0.0,1.2642,-0.1318,-0.4437,0.0,0.0,0.0
2026-06-12T17:23:12.902,O,87.8,59.1,0.0,0.0,0.0,1.2653,-0.1319,-0.4466,0.0,0.0,0.0
2026-06-12T17:23:13.064,O,87.7,59.1,0.0,0.0,0.0,1.2654,-0.1336,-0.4476,0.0,0.0,0.0
2026-06-12T17:23:13.226,O,87.5,59.1,0.0,0.0,0.0,1.2661,-0.1329,-0.4497,0.0,0.0,0.0
2026-06-12T17:23:13.388,O,87.3,59.1,0.0,0.0,0.0,1.2666,-0.1318,-0.4498,0.0,0.0,0.0
2026-06-12T17:23:13.550,O,86.9,59.2,0.0,0.0,0.0,1.2666,-0.1335,-0.4513,0.0,0.0,0.0
2026-06-12T17:23:13.712,O,87.0,59.2,0.0,0.0,0.0,1.2674,-0.132,-0.4529,0.0,0.0,0.0
2026-06-12T17:23:13.874,O,87.2,59.2,0.0,0.0,0.0,1.2673,-0.1338,-0.4536,0.0,0.0,0.0
2026-06-12T17:23:14.036,O,87.3,59.2,0.0,0.0,0.0,1.2671,-0.1337,-0.452,0.0,0.0,0.0
2026-06-12T17:23:14.198,O,87.2,59.2,0.0,0.0,0.0,1.2683,-0.1335,-0.4551,0.0,0.0,0.0
2026-06-12T17:23:14.360,O,86.9,59.2,0.0,0.0,0.0,1.2677,-0.1351,-0.454,0.0,0.0,0.0
2026-06-12T17:23:14.522,O,86.1,59.1,0.0,0.0,0.0,1.2687,-0.1334,-0.4565,0.0,0.0,0.0
2026-06-12T17:23:14.684,O,85.8,59.1,0.0,0.0,0.0,1.2693,-0.1357,-0.4601,0.0,0.0,0.0
2026-06-12T17:23:14.846,O,86.0,59.1,0.0,0.0,0.0,1.2693,-0.133,-0.4572,0.0,0.0,0.0
2026-06-12T17:23:15.008,O,86.3,59.0,0.0,0.0,0.0,1.2694,-0.1381,-0.4616,0.0,0.0,0.0
2026-06-12T17:23:15.170,O,86.6,58.9,0.0,0.0,0.0,1.2696,-0.1354,-0.459,0.0,0.0,0.0
2026-06-12T17:23:15.332,O,86.4,58.7,0.0,0.0,0.0,1.2692,-0.1372,-0.4615,0.0,0.0,0.0
2026-06-12T17:23:15.494,O,86.1,58.7,0.0,0.0,0.0,1.2695,-0.1368,-0.4617,0.0,0.0,0.0
2026-06-12T17:23:15.656,O,85.9,58.7,0.0,0.0,0.0,1.2693,-0.135,-0.4592,0.0,0.0,0.0
2026-06-12T17:23:15.818,O,85.7,58.6,0.0,0.0,0.0,1.2691,-0.1386,-0.4615,0.0,0.0,0.0
2026-06-12T17:23:15.980,O,85.4,58.6,0.0,0.0,0.0,1.2685,-0.1354,-0.4569,0.0,0.0,0.0
2026-06-12T17:23:16.142,O,85.5,58.6,0.0,0.0,0.0,1.2688,-0.1374,-0.4587,0.0,0.0,0.0
2026-06-12T17:23:16.304,O,85.3,58.6,0.0,0.0,0.0,1.2687,-0.1367,-0.4577,0.0,0.0,0.0
2026-06-12T17:23:16.466,O,84.8,58.6,0.0,0.0,0.0,1.2706,-0.1348,-0.4612,0.0,0.0,0.0
2026-06-12T17:23:16.629,O,84.5,58.6,0.0,0.0,0.0,1.2698,-0.1373,-0.4595,0.0,0.0,0.0
2026-06-12T17:23:16.791,O,84.3,58.5,0.0,0.0,0.0,1.2705,-0.1361,-0.4613,0.0,0.0,0.0
2026-06-12T17:23:16.952,O,84.2,58.5,0.0,0.0,0.0,1.2701,-0.1395,-0.4614,0.0,0.0,0.0
2026-06-12T17:23:17.114,O,84.0,58.5,0.0,0.0,0.0,1.2715,-0.1383,-0.4661,0.0,0.0,0.0
2026-06-12T17:23:17.276,O,83.8,58.4,0.0,0.0,0.0,1.2719,-0.142,-0.4696,0.0,0.0,0.0
2026-06-12T17:23:17.438,O,83.8,58.4,0.0,0.0,0.0,1.2735,-0.143,-0.4776,0.0,0.0,0.0
2026-06-12T17:23:17.600,O,84.0,58.4,0.0,0.0,0.0,1.2741,-0.145,-0.4806,0.0,0.0,0.0
2026-06-12T17:23:17.762,O,84.2,58.4,0.0,0.0,0.0,1.2742,-0.1489,-0.4834,0.0,0.0,0.0
2026-06-12T17:24:14.625,U,64.3,9.2,0.0,100.0,69.8,1.2827,-0.0322,-1.3155,0.0,0.0,0.0
2026-06-12T17:24:14.787,U,64.3,9.1,0.0,100.0,69.8,1.2824,-0.0326,-1.316,0.0,0.0,0.0
2026-06-12T17:24:14.949,U,64.2,9.0,0.0,100.0,69.7,1.2822,-0.0333,-1.3165,0.0,0.0,0.0
2026-06-12T17:24:15.111,U,64.1,8.9,0.0,100.0,69.7,1.2823,-0.0325,-1.3155,0.0,0.0,0.0
2026-06-12T17:24:15.273,U,64.0,8.8,0.0,100.0,69.7,1.2819,-0.0328,-1.3168,0.0,0.0,0.0
2026-06-12T17:24:15.435,U,64.0,8.7,0.0,100.0,69.8,1.2809,-0.0344,-1.3166,0.0,0.0,0.0
2026-06-12T17:24:15.597,U,64.0,8.6,0.0,100.0,69.8,1.2806,-0.0348,-1.3175,0.0,0.0,0.0
2026-06-12T17:24:15.759,U,64.0,8.6,0.0,100.0,69.8,1.2803,-0.0358,-1.3177,0.0,0.0,0.0
2026-06-12T17:24:15.921,U,64.0,8.6,0.0,100.0,69.6,1.2803,-0.0354,-1.3171,0.0,0.0,0.0
2026-06-12T17:24:16.083,U,63.9,8.5,0.0,100.0,69.6,1.2801,-0.0364,-1.3169,0.0,0.0,0.0
2026-06-12T17:24:16.245,U,63.9,8.5,0.0,100.0,69.5,1.2795,-0.0372,-1.317,0.0,0.0,0.0
2026-06-12T17:24:16.407,U,63.8,8.5,0.0,100.0,69.5,1.2787,-0.0375,-1.3179,0.0,0.0,0.0
2026-06-12T17:24:16.569,U,63.6,8.4,0.0,100.0,69.4,1.2792,-0.038,-1.3178,0.0,0.0,0.0
2026-06-12T17:24:16.731,U,63.5,8.5,0.0,100.0,69.3,1.2787,-0.0387,-1.3189,0.0,0.0,0.0
2026-06-12T17:24:16.893,U,63.7,8.5,0.0,100.0,69.2,1.2804,-0.038,-1.3187,0.0,0.0,0.0
2026-06-12T17:24:17.055,U,63.9,8.4,0.0,100.0,69.1,1.2795,-0.0379,-1.3178,0.0,0.0,0.0
2026-06-12T17:24:17.217,U,64.2,8.0,0.0,100.0,69.1,1.2798,-0.0385,-1.3173,0.0,0.0,0.0
2026-06-12T17:24:17.379,U,64.6,7.6,0.0,100.0,69.0,1.2796,-0.0385,-1.3178,0.0,0.0,0.0
2026-06-12T17:24:17.541,U,64.8,7.2,0.0,100.0,68.8,1.2784,-0.04,-1.3169,0.0,0.0,0.0
2026-06-12T17:24:17.703,U,65.1,6.8,0.0,100.0,68.5,1.2796,-0.0391,-1.3172,0.0,0.0,0.0
2026-06-12T17:24:17.865,U,65.0,6.5,0.0,100.0,68.3,1.2793,-0.0388,-1.319,0.0,0.0,0.0
2026-06-12T17:24:18.027,U,64.9,6.2,0.0,100.0,68.0,1.2785,-0.0372,-1.3184,0.0,0.0,0.0
2026-06-12T17:24:18.189,U,65.1,5.8,0.0,100.0,67.8,1.2783,-0.0404,-1.3197,0.0,0.0,0.0
2026-06-12T17:24:18.351,U,65.1,5.5,0.0,100.0,67.3,1.2756,-0.0399,-1.3219,0.0,0.0,0.0
2026-06-12T17:24:18.513,U,64.8,5.4,0.0,100.0,66.9,1.2762,-0.0395,-1.3208,0.0,0.0,0.0
2026-06-12T17:24:18.675,U,64.3,5.4,0.0,100.0,66.5,1.2763,-0.0408,-1.3224,0.0,0.0,0.0
2026-06-12T17:24:18.837,U,63.8,5.5,0.0,100.0,66.0,1.2755,-0.042,-1.3229,0.0,0.0,0.0
2026-06-12T17:24:18.999,U,63.2,5.5,0.0,100.0,65.6,1.2757,-0.0418,-1.3245,0.0,0.0,0.0
2026-06-12T17:24:19.161,U,62.7,5.5,0.0,100.0,65.2,1.2743,-0.0427,-1.3246,0.0,0.0,0.0
2026-06-12T17:24:19.323,U,62.3,5.4,0.0,100.0,64.8,1.2747,-0.0439,-1.3268,0.0,0.0,0.0
2026-06-12T17:24:19.485,U,62.2,5.4,0.0,100.0,64.5,1.2743,-0.045,-1.3253,0.0,0.0,0.0
2026-06-12T17:24:19.647,U,62.2,5.4,0.0,100.0,64.2,1.2744,-0.0465,-1.3246,0.0,0.0,0.0
2026-06-12T17:24:19.809,U,61.9,5.4,0.0,100.0,63.9,1.2766,-0.0454,-1.3244,0.0,0.0,0.0
2026-06-12T17:24:19.971,U,61.7,5.3,0.0,100.0,63.8,1.2753,-0.0452,-1.3233,0.0,0.0,0.0
2026-06-12T17:24:20.133,U,61.7,4.9,0.0,100.0,63.5,1.2769,-0.0472,-1.3234,0.0,0.0,0.0
2026-06-12T17:24:20.295,U,61.7,4.6,0.0,100.0,63.3,1.2766,-0.0482,-1.3231,0.0,0.0,0.0
2026-06-12T17:24:20.457,U,61.7,4.6,0.0,100.0,62.9,1.2772,-0.048,-1.3235,0.0,0.0,0.0
2026-06-12T17:24:20.619,U,61.7,4.6,0.0,100.0,62.5,1.2761,-0.0482,-1.3244,0.0,0.0,0.0
2026-06-12T17:24:20.781,U,61.7,4.6,0.0,100.0,62.2,1.2761,-0.0487,-1.3252,0.0,0.0,0.0
2026-06-12T17:24:20.943,U,61.6,4.6,0.0,100.0,62.2,1.2751,-0.0483,-1.3256,0.0,0.0,0.0
2026-06-12T17:24:21.105,U,61.4,4.6,0.0,100.0,62.3,1.2757,-0.0479,-1.3248,0.0,0.0,0.0
2026-06-12T17:24:21.267,U,61.2,4.6,0.0,100.0,62.4,1.2759,-0.0494,-1.3234,0.0,0.0,0.0
2026-06-12T17:24:21.429,U,61.1,4.6,0.0,100.0,62.4,1.2745,-0.0494,-1.3279,0.0,0.0,0.0
2026-06-12T17:24:21.591,U,61.0,4.6,0.0,100.0,62.7,1.2752,-0.0495,-1.3263,0.0,0.0,0.0
2026-06-12T17:24:21.753,U,60.7,4.3,0.0,100.0,62.9,1.2763,-0.0492,-1.3257,0.0,0.0,0.0
2026-06-12T17:24:21.915,U,60.6,3.9,0.0,100.0,63.1,1.2773,-0.0481,-1.3258,0.0,0.0,0.0
2026-06-12T17:24:22.077,U,60.4,3.5,0.0,100.0,63.4,1.277,-0.0483,-1.325,0.0,0.0,0.0
2026-06-12T17:24:22.239,U,60.1,3.2,0.0,100.0,63.7,1.2779,-0.0485,-1.3248,0.0,0.0,0.0
2026-06-12T17:24:22.401,U,59.8,2.8,0.0,100.0,64.2,1.2768,-0.048,-1.3244,0.0,0.0,0.0
2026-06-12T17:24:22.563,U,59.8,0.0,0.0,100.0,64.7,1.2767,-0.0486,-1.324,0.0,0.0,0.0
2026-06-12T17:24:22.725,U,59.6,0.0,0.0,100.0,65.1,1.2754,-0.0472,-1.3237,0.0,0.0,0.0
2026-06-12T17:24:22.887,U,59.6,0.0,0.0,100.0,65.6,1.2761,-0.048,-1.3242,0.0,0.0,0.0
2026-06-12T17:24:23.049,U,59.6,0.0,0.0,100.0,66.0,1.275,-0.0471,-1.3243,0.0,0.0,0.0
2026-06-12T17:24:23.211,U,59.5,0.0,0.0,100.0,66.4,1.2759,-0.0479,-1.3249,0.0,0.0,0.0
2026-06-12T17:24:23.373,U,59.4,0.0,0.0,100.0,66.8,1.2754,-0.0473,-1.3253,0.0,0.0,0.0
2026-06-12T17:24:23.535,U,59.4,0.0,0.0,100.0,67.0,1.2755,-0.0484,-1.3249,0.0,0.0,0.0
2026-06-12T17:24:23.697,U,59.3,0.0,0.0,100.0,67.3,1.2756,-0.0479,-1.3253,0.0,0.0,0.0
2026-06-12T17:24:23.859,U,59.4,0.0,0.0,100.0,67.5,1.277,-0.0461,-1.3262,0.0,0.0,0.0
2026-06-12T17:24:24.021,U,59.5,0.0,0.0,100.0,67.4,1.2773,-0.0503,-1.3255,0.0,0.0,0.0
2026-06-12T17:24:24.183,U,59.4,0.0,0.0,100.0,67.3,1.2778,-0.0478,-1.3234,0.0,0.0,0.0
2026-06-12T17:24:24.345,U,59.3,0.0,0.0,100.0,67.3,1.2771,-0.0497,-1.3222,0.0,0.0,0.0
2026-06-12T17:24:24.507,U,59.3,0.0,0.0,100.0,67.4,1.277,-0.051,-1.3222,0.0,0.0,0.0
2026-06-12T17:24:24.669,U,59.1,0.0,0.0,100.0,67.5,1.278,-0.0535,-1.32,0.0,0.0,0.0
2026-06-12T17:25:00.148,B,50.3,0.0,0.0,0.0,0.0,0.5633,0.9795,-0.9066,0.0,0.0,0.0
2026-06-12T17:25:00.310,B,50.1,0.0,0.0,0.0,0.0,0.562,0.9778,-0.9065,0.0,0.0,0.0
2026-06-12T17:25:00.472,B,49.9,0.0,0.0,0.0,0.0,0.5601,0.9793,-0.9047,0.0,0.0,0.0
2026-06-12T17:25:00.634,B,49.7,0.0,0.0,0.0,0.0,0.5589,0.9798,-0.9038,0.0,0.0,0.0
2026-06-12T17:25:00.796,B,49.6,0.0,0.0,0.0,0.0,0.5582,0.9809,-0.9047,0.0,0.0,0.0
2026-06-12T17:25:00.958,B,49.6,0.0,0.0,0.0,0.0,0.5577,0.98,-0.9031,0.0,0.0,0.0
2026-06-12T17:25:01.120,B,50.0,0.0,0.0,0.0,0.0,0.5572,0.98,-0.9026,0.0,0.0,0.0
2026-06-12T17:25:01.282,B,50.4,0.0,0.0,0.0,0.0,0.5572,0.9802,-0.903,0.0,0.0,0.0
2026-06-12T17:25:01.444,B,50.8,0.0,0.0,0.0,0.0,0.5568,0.9808,-0.9037,0.0,0.0,0.0
2026-06-12T17:25:01.606,B,51.2,0.0,0.0,0.0,0.0,0.5573,0.9805,-0.9043,0.0,0.0,0.0
2026-06-12T17:25:01.768,B,51.6,0.0,0.0,0.0,0.0,0.5575,0.9823,-0.9041,0.0,0.0,0.0
2026-06-12T17:25:01.930,B,51.8,0.0,0.0,0.0,0.0,0.5577,0.9807,-0.9047,0.0,0.0,0.0
2026-06-12T17:25:02.092,B,52.0,0.0,0.0,0.0,0.0,0.5568,0.9814,-0.9032,0.0,0.0,0.0
2026-06-12T17:25:02.254,B,52.3,0.0,0.0,0.0,0.0,0.5566,0.9818,-0.903,0.0,0.0,0.0
2026-06-12T17:25:02.416,B,52.6,0.0,0.0,0.0,0.0,0.5561,0.9819,-0.9026,0.0,0.0,0.0
2026-06-12T17:25:02.578,B,52.9,0.0,0.0,0.0,0.0,0.5555,0.9817,-0.9008,0.0,0.0,0.0
2026-06-12T17:25:02.740,B,52.9,0.0,0.0,0.0,0.0,0.5556,0.9819,-0.9,0.0,0.0,0.0
2026-06-12T17:25:02.902,B,52.7,0.0,0.0,0.0,0.0,0.5548,0.9817,-0.8998,0.0,0.0,0.0
2026-06-12T17:25:03.064,B,52.8,0.0,0.0,0.0,0.0,0.5549,0.9813,-0.8982,0.0,0.0,0.0
2026-06-12T17:25:03.226,B,52.8,0.0,0.0,0.0,0.0,0.5545,0.9806,-0.8956,0.0,0.0,0.0
2026-06-12T17:25:03.388,B,52.8,0.0,0.0,0.0,0.0,0.555,0.9807,-0.8959,0.0,0.0,0.0
2026-06-12T17:25:03.550,B,52.8,0.0,0.0,0.0,0.0,0.5542,0.9805,-0.8958,0.0,0.0,0.0
2026-06-12T17:25:03.712,B,53.0,0.0,0.0,0.0,0.0,0.5548,0.9806,-0.8942,0.0,0.0,0.0
2026-06-12T17:25:03.874,B,53.1,0.0,0.0,0.0,0.0,0.5541,0.9816,-0.8945,0.0,0.0,0.0
2026-06-12T17:25:04.036,B,52.9,0.0,0.0,0.0,0.0,0.5548,0.9813,-0.8949,0.0,0.0,0.0
2026-06-12T17:25:04.198,B,52.6,0.0,0.0,0.0,0.0,0.5551,0.9802,-0.8931,0.0,0.0,0.0
2026-06-12T17:25:04.360,B,52.3,0.0,0.0,0.0,0.0,0.5549,0.9809,-0.8953,0.0,0.0,0.0
2026-06-12T17:25:04.522,B,51.8,0.0,0.0,0.0,0.0,0.555,0.9807,-0.8936,0.0,0.0,0.0
2026-06-12T17:25:04.684,B,51.2,0.0,0.0,0.0,0.0,0.5553,0.9803,-0.8915,0.0,0.0,0.0
2026-06-12T17:25:04.846,B,50.1,0.0,0.0,0.0,0.0,0.5546,0.9796,-0.8922,0.0,0.0,0.0
2026-06-12T17:25:05.008,B,49.4,0.0,0.0,0.0,0.0,0.555,0.9795,-0.8909,0.0,0.0,0.0
2026-06-12T17:25:05.170,B,48.4,0.0,0.0,0.0,0.0,0.5553,0.9801,-0.8905,0.0,0.0,0.0
2026-06-12T17:25:05.332,B,46.9,0.0,0.0,0.0,0.0,0.5553,0.98,-0.8904,0.0,0.0,0.0
2026-06-12T17:25:05.494,B,46.2,0.0,0.0,0.0,0.0,0.5558,0.9779,-0.8906,0.0,0.0,0.0
2026-06-12T17:25:05.656,B,44.2,0.0,0.0,0.0,0.0,0.5562,0.9806,-0.8953,0.0,0.0,0.0
2026-06-12T17:25:05.818,B,42.8,0.0,0.0,0.0,0.0,0.5554,0.9809,-0.8939,0.0,0.0,0.0
2026-06-12T17:25:05.980,B,41.4,0.0,0.0,0.0,0.0,0.5562,0.9808,-0.8952,0.0,0.0,0.0
2026-06-12T17:25:06.142,B,41.4,0.0,0.0,0.0,0.0,0.5565,0.9805,-0.8937,0.0,0.0,0.0
2026-06-12T17:25:06.304,B,41.3,0.0,0.0,0.0,0.0,0.5572,0.9817,-0.8949,0.0,0.0,0.0
2026-06-12T17:25:06.466,B,41.6,0.0,0.0,0.0,0.0,0.5559,0.9804,-0.8942,0.0,0.0,0.0
2026-06-12T17:25:06.628,B,41.9,0.0,0.0,0.0,0.0,0.5563,0.98,-0.8935,0.0,0.0,0.0
2026-06-12T17:25:06.790,B,42.3,0.0,0.0,0.0,0.0,0.556,0.9797,-0.8934,0.0,0.0,0.0
2026-06-12T17:25:06.952,B,43.1,0.0,0.0,0.0,0.0,0.5559,0.9805,-0.8926,0.0,0.0,0.0
2026-06-12T17:25:07.114,B,43.5,0.0,0.0,0.0,0.0,0.5558,0.9822,-0.8936,0.0,0.0,0.0
2026-06-12T17:25:07.276,B,45.2,0.0,0.0,0.0,0.0,0.5552,0.981,-0.8921,0.0,0.0,0.0
2026-06-12T17:25:07.438,B,46.1,0.0,0.0,0.0,0.0,0.5557,0.9823,-0.893,0.0,0.0,0.0
2026-06-12T17:25:07.600,B,47.2,0.0,0.0,0.0,0.0,0.5561,0.982,-0.8924,0.0,0.0,0.0
2026-06-12T17:25:07.762,B,47.3,0.0,0.0,0.0,0.0,0.5562,0.9803,-0.8947,0.0,0.0,0.0
2026-06-12T17:25:07.924,B,47.5,0.0,0.0,0.0,0.0,0.5571,0.9802,-0.8946,0.0,0.0,0.0
2026-06-12T17:25:08.086,B,47.8,0.0,0.0,0.0,0.0,0.5568,0.9804,-0.8922,0.0,0.0,0.0
2026-06-12T17:25:08.248,B,47.8,0.0,0.0,0.0,0.0,0.5573,0.9818,-0.8922,0.0,0.0,0.0
2026-06-12T17:25:08.410,B,47.5,0.0,0.0,0.0,0.0,0.5584,0.9808,-0.8944,0.0,0.0,0.0
2026-06-12T17:25:08.572,B,46.7,0.0,0.0,0.0,0.0,0.5604,0.9796,-0.8968,0.0,0.0,0.0
2026-06-12T17:25:08.734,B,45.9,0.0,0.0,0.0,0.0,0.5607,0.9783,-0.8942,0.0,0.0,0.0
2026-06-12T17:25:08.896,B,45.0,0.0,0.0,0.0,0.0,0.5607,0.9795,-0.8915,0.0,0.0,0.0
2026-06-12T17:25:09.058,B,44.9,0.0,0.0,0.0,0.0,0.5618,0.9812,-0.8923,0.0,0.0,0.0
2026-06-12T17:25:09.220,B,44.3,0.0,0.0,0.0,0.0,0.5628,0.9813,-0.8946,0.0,0.0,0.0
2026-06-12T17:25:09.382,B,43.9,0.0,0.0,0.0,0.0,0.5637,0.9792,-0.8947,0.0,0.0,0.0
2026-06-12T17:25:09.544,B,43.3,0.0,0.0,0.0,0.0,0.5636,0.9783,-0.895,0.0,0.0,0.0
2026-06-12T17:25:09.706,B,42.6,0.0,0.0,0.0,0.0,0.5633,0.9797,-0.891,0.0,0.0,0.0
2026-06-12T17:25:09.868,B,42.1,0.0,0.0,0.0,0.0,0.5639,0.9803,-0.8917,0.0,0.0,0.0
2026-06-12T17:25:10.030,B,42.1,0.0,0.0,0.0,0.0,0.564,0.9767,-0.8921,0.0,0.0,0.0
2026-06-12T17:25:10.192,B,42.6,0.0,0.0,0.0,0.0,0.5644,0.9779,-0.8937,0.0,0.0,0.0
2026-06-12T17:26:07.055,C,29.2,61.5,74.5,95.6,51.4,1.2675,0.0527,-0.3909,0.0,0.0,0.0
2026-06-12T17:26:07.217,C,29.2,61.5,75.6,95.7,51.8,1.2675,0.0527,-0.389,0.0,0.0,0.0
2026-06-12T17:26:07.379,C,29.4,61.5,76.6,95.8,52.2,1.2669,0.0525,-0.3885,0.0,0.0,0.0
2026-06-12T17:26:07.541,C,29.4,61.6,77.3,95.8,52.6,1.2672,0.054,-0.387,0.0,0.0,0.0
2026-06-12T17:26:07.703,C,29.5,61.6,78.1,95.9,53.1,1.2662,0.0539,-0.3861,0.0,0.0,0.0
2026-06-12T17:26:07.865,C,29.5,61.7,79.0,96.0,53.6,1.2659,0.0535,-0.3863,0.0,0.0,0.0
2026-06-12T17:26:08.028,C,29.5,61.7,79.9,96.1,54.1,1.2657,0.0532,-0.3865,0.0,0.0,0.0
2026-06-12T17:26:08.189,C,29.4,61.7,80.9,96.2,54.2,1.2654,0.0538,-0.3846,0.0,0.0,0.0
2026-06-12T17:26:08.351,C,29.3,61.8,81.8,96.3,54.0,1.2653,0.0525,-0.3848,0.0,0.0,0.0
2026-06-12T17:26:08.513,C,29.4,61.8,82.8,96.4,54.0,1.2652,0.0517,-0.3838,0.0,0.0,0.0
2026-06-12T17:26:08.675,C,29.5,61.9,83.7,96.5,54.3,1.2647,0.0521,-0.3834,0.0,0.0,0.0
2026-06-12T17:26:08.837,C,29.4,62.0,84.5,96.6,54.2,1.2649,0.0523,-0.3828,0.0,0.0,0.0
2026-06-12T17:26:08.999,C,29.4,62.1,85.4,96.7,54.3,1.2648,0.0517,-0.3835,0.0,0.0,0.0
2026-06-12T17:26:09.161,C,29.4,62.1,86.3,96.8,54.4,1.2641,0.0508,-0.3835,0.0,0.0,0.0
2026-06-12T17:26:09.323,C,29.3,62.2,86.9,97.0,54.5,1.2649,0.0514,-0.3827,0.0,0.0,0.0
2026-06-12T17:26:09.485,C,29.2,62.4,87.7,97.1,54.9,1.2644,0.0518,-0.3829,0.0,0.0,0.0
2026-06-12T17:26:09.647,C,29.3,62.5,88.5,97.3,55.1,1.2648,0.0524,-0.3832,0.0,0.0,0.0
2026-06-12T17:26:09.810,C,29.4,62.6,88.7,97.4,55.3,1.2651,0.0521,-0.3829,0.0,0.0,0.0
2026-06-12T17:26:09.971,C,29.5,62.8,89.0,97.5,55.5,1.2647,0.0521,-0.3823,0.0,0.0,0.0
2026-06-12T17:26:10.133,C,29.5,62.9,88.8,97.6,55.6,1.2659,0.0521,-0.3836,0.0,0.0,0.0
2026-06-12T17:26:10.296,C,29.2,63.0,88.6,97.6,55.7,1.265,0.0498,-0.3832,0.0,0.0,0.0
2026-06-12T17:26:10.457,C,29.2,63.0,88.1,97.7,55.5,1.2648,0.0494,-0.3831,0.0,0.0,0.0
2026-06-12T17:26:10.619,C,29.0,63.1,87.4,97.7,55.4,1.265,0.0495,-0.383,0.0,0.0,0.0
2026-06-12T17:26:10.781,C,29.0,63.1,86.5,97.8,55.3,1.2647,0.0488,-0.3827,0.0,0.0,0.0
2026-06-12T17:26:10.944,C,28.9,63.2,85.5,97.9,55.1,1.264,0.0477,-0.3829,0.0,0.0,0.0
2026-06-12T17:26:11.105,C,28.8,63.3,84.3,98.0,55.3,1.2643,0.0479,-0.3824,0.0,0.0,0.0
2026-06-12T17:26:11.268,C,28.6,63.3,82.8,98.0,55.2,1.264,0.0494,-0.3824,0.0,0.0,0.0
2026-06-12T17:26:11.429,C,28.3,63.4,81.3,98.0,55.0,1.2645,0.0498,-0.3836,0.0,0.0,0.0
2026-06-12T17:26:11.591,C,28.1,63.4,79.7,98.1,54.7,1.265,0.0488,-0.3836,0.0,0.0,0.0
2026-06-12T17:26:11.753,C,28.0,63.4,78.1,98.1,54.5,1.2646,0.0477,-0.3846,0.0,0.0,0.0
2026-06-12T17:26:11.915,C,28.1,63.4,76.4,98.0,54.3,1.2648,0.0479,-0.3838,0.0,0.0,0.0
2026-06-12T17:26:12.078,C,27.9,63.3,74.7,97.9,54.1,1.2647,0.0475,-0.3847,0.0,0.0,0.0
2026-06-12T17:26:12.240,C,27.9,63.3,72.9,97.9,54.3,1.2651,0.0468,-0.3864,0.0,0.0,0.0
2026-06-12T17:26:12.401,C,27.8,63.3,71.2,97.9,54.4,1.2656,0.0465,-0.386,0.0,0.0,0.0
2026-06-12T17:26:12.563,C,27.6,63.2,69.5,97.9,54.5,1.2655,0.0466,-0.3867,0.0,0.0,0.0
2026-06-12T17:26:12.725,C,27.6,63.2,67.8,97.9,54.5,1.266,0.0476,-0.3865,0.0,0.0,0.0
2026-06-12T17:26:12.887,C,27.4,63.1,66.1,97.9,54.9,1.2654,0.0479,-0.3873,0.0,0.0,0.0
2026-06-12T17:26:13.049,C,27.5,63.0,64.7,97.9,55.1,1.2664,0.0483,-0.3874,0.0,0.0,0.0
2026-06-12T17:26:13.211,C,27.5,62.8,63.4,97.9,55.4,1.2669,0.0472,-0.3874,0.0,0.0,0.0
2026-06-12T17:26:13.373,C,27.2,62.7,62.0,97.9,55.6,1.2661,0.0471,-0.3871,0.0,0.0,0.0
2026-06-12T17:26:13.536,C,27.1,62.5,60.6,97.9,55.9,1.2667,0.0471,-0.3874,0.0,0.0,0.0
2026-06-12T17:26:13.697,C,27.2,62.4,59.1,97.8,56.0,1.2662,0.0461,-0.3862,0.0,0.0,0.0
2026-06-12T17:26:13.859,C,27.0,62.2,58.4,97.8,56.1,1.2654,0.0456,-0.3848,0.0,0.0,0.0
2026-06-12T17:26:14.022,C,26.8,62.1,57.6,97.7,56.1,1.2652,0.0456,-0.3843,0.0,0.0,0.0
2026-06-12T17:26:14.183,C,26.8,62.0,56.8,97.7,56.1,1.2642,0.0448,-0.3846,0.0,0.0,0.0
2026-06-12T17:26:14.345,C,26.8,61.9,56.3,97.7,56.3,1.2643,0.0452,-0.3842,0.0,0.0,0.0
2026-06-12T17:26:14.507,C,26.7,61.8,55.8,97.7,56.6,1.2649,0.0452,-0.3837,0.0,0.0,0.0
2026-06-12T17:26:14.670,C,26.6,61.9,55.8,97.7,56.7,1.2648,0.0449,-0.3836,0.0,0.0,0.0
2026-06-12T17:26:14.831,C,26.6,61.9,55.6,97.7,56.6,1.2649,0.044,-0.3841,0.0,0.0,0.0
2026-06-12T17:26:14.994,C,26.9,62.0,55.5,97.7,56.6,1.2645,0.0427,-0.3843,0.0,0.0,0.0
2026-06-12T17:26:15.155,C,27.0,62.1,55.8,97.7,56.7,1.265,0.0427,-0.3849,0.0,0.0,0.0
2026-06-12T17:26:15.317,C,27.0,62.3,56.2,97.6,56.7,1.2652,0.0421,-0.3844,0.0,0.0,0.0
2026-06-12T17:26:15.480,C,27.1,62.4,56.7,97.6,56.8,1.2649,0.0428,-0.3851,0.0,0.0,0.0
2026-06-12T17:26:15.641,C,27.1,62.5,57.4,97.6,57.1,1.2653,0.0429,-0.3849,0.0,0.0,0.0
2026-06-12T17:26:15.804,C,27.3,62.6,57.9,97.5,57.2,1.2657,0.0434,-0.3858,0.0,0.0,0.0
2026-06-12T17:26:15.965,C,27.3,62.6,58.3,97.5,57.4,1.2667,0.0427,-0.386,0.0,0.0,0.0
2026-06-12T17:26:16.128,C,27.3,62.7,59.0,97.5,57.6,1.2665,0.0422,-0.3853,0.0,0.0,0.0
2026-06-12T17:26:16.290,C,27.3,62.8,59.4,97.4,57.7,1.2663,0.0418,-0.3861,0.0,0.0,0.0
2026-06-12T17:26:16.452,C,27.3,62.9,59.9,97.3,57.9,1.2666,0.0415,-0.3864,0.0,0.0,0.0
2026-06-12T17:26:16.614,C,27.0,63.0,60.5,97.2,57.9,1.2655,0.042,-0.3856,0.0,0.0,0.0
2026-06-12T17:26:16.776,C,26.9,63.1,61.0,97.1,57.9,1.2651,0.0431,-0.3862,0.0,0.0,0.0
2026-06-12T17:26:16.938,C,26.8,63.1,61.9,97.0,57.8,1.265,0.0423,-0.3853,0.0,0.0,0.0
2026-06-12T17:26:17.100,C,26.8,63.2,62.6,96.8,57.6,1.2646,0.0427,-0.3854,0.0,0.0,0.0
2026-06-12T17:27:19.632,D,0.0,0.0,0.0,0.0,0.0,1.3576,0.2346,-0.8588,0.0,0.0,0.0
2026-06-12T17:27:19.794,D,0.0,0.0,0.0,0.0,0.0,1.3578,0.2336,-0.8578,0.0,0.0,0.0
2026-06-12T17:27:19.956,D,0.0,0.0,0.0,0.0,0.0,1.3582,0.2329,-0.8584,0.0,0.0,0.0
2026-06-12T17:27:20.118,D,0.0,0.0,0.0,0.0,0.0,1.3583,0.2316,-0.8578,0.0,0.0,0.0
2026-06-12T17:27:20.280,D,0.0,0.0,0.0,0.0,0.0,1.3584,0.231,-0.8583,0.0,0.0,0.0
2026-06-12T17:27:20.442,D,0.0,0.0,0.0,0.0,0.0,1.3589,0.2307,-0.858,0.0,0.0,0.0
2026-06-12T17:27:20.604,D,0.0,0.0,0.0,0.0,0.0,1.36,0.2314,-0.8583,0.0,0.0,0.0
2026-06-12T17:27:20.766,D,0.0,0.0,0.0,0.0,0.0,1.3594,0.2313,-0.8584,0.0,0.0,0.0
2026-06-12T17:27:20.928,D,0.0,0.0,0.0,0.0,0.0,1.3597,0.2306,-0.8589,0.0,0.0,0.0
2026-06-12T17:27:21.090,D,0.0,0.0,0.0,0.0,0.0,1.36,0.2291,-0.8589,0.0,0.0,0.0
2026-06-12T17:27:21.252,D,0.0,0.0,0.0,0.0,0.0,1.3601,0.2523,-0.8471,0.0,0.0,0.0
2026-06-12T17:27:21.414,D,0.0,0.0,0.0,0.0,0.0,1.3553,0.2416,-0.8546,0.0,0.0,0.0
2026-06-12T17:27:21.576,D,0.0,0.0,0.0,0.0,0.0,1.3537,0.2292,-0.8662,0.0,0.0,0.0
2026-06-12T17:27:21.738,D,0.0,0.0,0.0,0.0,0.0,1.3577,0.231,-0.8722,0.0,0.0,0.0
2026-06-12T17:27:21.900,D,0.0,0.0,0.0,0.0,0.0,1.3589,0.2277,-0.8737,0.0,0.0,0.0
2026-06-12T17:27:22.062,D,0.0,0.0,0.0,0.0,0.0,1.3597,0.2276,-0.8792,0.0,0.0,0.0
2026-06-12T17:27:22.224,D,0.0,0.0,0.0,0.0,0.0,1.36,0.2246,-0.8801,0.0,0.0,0.0
2026-06-12T17:27:22.386,D,0.0,0.0,0.0,0.0,0.0,1.361,0.2252,-0.8836,0.0,0.0,0.0
2026-06-12T17:27:22.548,D,0.0,0.0,0.0,0.0,0.0,1.3601,0.223,-0.8833,0.0,0.0,0.0
2026-06-12T17:27:22.710,D,0.0,0.0,0.0,0.0,0.0,1.3594,0.2238,-0.8857,0.0,0.0,0.0
2026-06-12T17:27:22.872,D,0.0,0.0,0.0,0.0,0.0,1.3596,0.2226,-0.887,0.0,0.0,0.0
2026-06-12T17:27:23.034,D,0.0,0.0,0.0,0.0,0.0,1.3592,0.223,-0.8894,0.0,0.0,0.0
2026-06-12T17:27:23.196,D,0.0,0.0,0.0,0.0,0.0,1.3605,0.2245,-0.891,0.0,0.0,0.0
2026-06-12T17:27:23.358,D,0.0,0.0,0.0,0.0,0.0,1.3605,0.2238,-0.8943,0.0,0.0,0.0
2026-06-12T17:27:23.520,D,0.0,0.0,0.0,0.0,0.0,1.3594,0.2225,-0.8967,0.0,0.0,0.0
2026-06-12T17:27:23.682,D,0.0,0.0,0.0,0.0,0.0,1.3605,0.2235,-0.8964,0.0,0.0,0.0
2026-06-12T17:27:23.844,D,0.0,0.0,0.0,0.0,0.0,1.3604,0.2241,-0.8987,0.0,0.0,0.0
2026-06-12T17:27:24.006,D,0.0,0.0,0.0,0.0,0.0,1.3606,0.2235,-0.8986,0.0,0.0,0.0
2026-06-12T17:27:24.168,D,0.0,0.0,0.0,0.0,0.0,1.3611,0.2238,-0.9005,0.0,0.0,0.0
2026-06-12T17:27:24.330,D,0.0,0.0,0.0,0.0,0.0,1.3617,0.2252,-0.9011,0.0,0.0,0.0
2026-06-12T17:27:24.492,D,0.0,0.0,0.0,0.0,0.0,1.3605,0.2232,-0.9007,0.0,0.0,0.0
2026-06-12T17:27:24.654,D,0.0,0.0,0.0,0.0,0.0,1.3603,0.2225,-0.9032,0.0,0.0,0.0
2026-06-12T17:27:24.816,D,0.0,0.0,0.0,0.0,0.0,1.3618,0.2237,-0.9037,0.0,0.0,0.0
2026-06-12T17:27:24.978,D,0.0,0.0,0.0,0.0,0.0,1.3578,0.223,-0.9015,0.0,0.0,0.0
2026-06-12T17:27:25.140,D,0.0,0.0,0.0,0.0,0.0,1.3578,0.2225,-0.9033,0.0,0.0,0.0
2026-06-12T17:27:25.302,D,0.0,0.0,0.0,0.0,0.0,1.3603,0.2233,-0.9049,0.0,0.0,0.0
2026-06-12T17:27:25.464,D,0.0,0.0,0.0,0.0,0.0,1.3604,0.2265,-0.9081,0.0,0.0,0.0
2026-06-12T17:27:25.626,D,0.0,0.0,0.0,0.0,0.0,1.3603,0.2268,-0.9116,0.0,0.0,0.0
2026-06-12T17:27:25.788,D,0.0,0.0,0.0,0.0,0.0,1.359,0.2266,-0.912,0.0,0.0,0.0
2026-06-12T17:27:25.950,D,0.0,0.0,0.0,0.0,0.0,1.3583,0.228,-0.9147,0.0,0.0,0.0
2026-06-12T17:27:26.112,D,0.0,0.0,0.0,0.0,0.0,1.359,0.2275,-0.9177,0.0,0.0,0.0
2026-06-12T17:27:26.274,D,0.0,0.0,0.0,0.0,0.0,1.3592,0.2309,-0.9211,0.0,0.0,0.0
2026-06-12T17:27:26.436,D,0.0,0.0,0.0,0.0,0.0,1.3588,0.2287,-0.9241,0.0,0.0,0.0
2026-06-12T17:27:26.598,D,0.0,0.0,0.0,0.0,0.0,1.3593,0.2322,-0.9256,0.0,0.0,0.0
2026-06-12T17:27:26.760,D,0.0,0.0,0.0,0.0,0.0,1.3575,0.2364,-0.9257,0.0,0.0,0.0
2026-06-12T17:27:26.922,D,0.0,0.0,0.0,0.0,0.0,1.3554,0.2402,-0.9272,0.0,0.0,0.0
2026-06-12T17:27:27.084,D,0.0,0.0,0.0,0.0,0.0,1.3565,0.2435,-0.9271,0.0,0.0,0.0
2026-06-12T17:27:27.246,D,0.0,0.0,0.0,0.0,0.0,1.3557,0.2496,-0.9251,0.0,0.0,0.0
2026-06-12T17:27:27.408,D,0.0,0.0,0.0,0.0,0.0,1.3536,0.2523,-0.9241,0.0,0.0,0.0
2026-06-12T17:27:27.570,D,0.0,0.0,0.0,0.0,0.0,1.3569,0.2544,-0.9308,0.0,0.0,0.0
2026-06-12T17:27:27.732,D,0.0,0.0,0.0,0.0,0.0,1.3538,0.2538,-0.9321,0.0,0.0,0.0
2026-06-12T17:27:27.894,D,0.0,0.0,0.0,0.0,0.0,1.3534,0.256,-0.941,0.0,0.0,0.0
2026-06-12T17:27:28.056,D,0.0,0.0,0.0,0.0,0.0,1.3557,0.2519,-0.9414,0.0,0.0,0.0
2026-06-12T17:27:28.218,D,0.0,0.0,0.0,0.0,0.0,1.3547,0.2542,-0.9419,0.0,0.0,0.0
2026-06-12T17:27:28.380,D,0.0,0.0,0.0,0.0,0.0,1.3566,0.252,-0.9441,0.0,0.0,0.0
2026-06-12T17:27:28.542,D,0.0,0.0,0.0,0.0,0.0,1.3559,0.2479,-0.9487,0.0,0.0,0.0
2026-06-12T17:27:28.704,D,0.0,0.0,0.0,0.0,0.0,1.3576,0.2472,-0.9477,0.0,0.0,0.0
2026-06-12T17:27:28.866,D,0.0,0.0,0.0,0.0,0.0,1.3569,0.2435,-0.9473,0.0,0.0,0.0
2026-06-12T17:27:29.028,D,0.0,0.0,0.0,0.0,0.0,1.3558,0.2429,-0.9483,0.0,0.0,0.0
2026-06-12T17:27:29.190,D,0.0,0.0,0.0,0.0,0.0,1.3587,0.2422,-0.9476,0.0,0.0,0.0
2026-06-12T17:27:29.352,D,0.0,0.0,0.0,0.0,0.0,1.3562,0.2411,-0.9457,0.0,0.0,0.0
2026-06-12T17:27:29.514,D,0.0,0.0,0.0,0.0,0.0,1.3584,0.2389,-0.9501,0.0,0.0,0.0
2026-06-12T17:27:29.676,D,0.0,0.0,0.0,0.0,0.0,1.3574,0.2368,-0.9444,0.0,0.0,0.0
2026-06-12T17:28:22.166,F,0.0,51.7,0.0,0.0,0.0,1.3685,0.0517,-1.0045,0.0,0.0,0.0
2026-06-12T17:28:22.328,F,0.0,51.8,0.0,0.0,0.0,1.3695,0.0561,-0.9942,0.0,0.0,0.0
2026-06-12T17:28:22.490,F,0.0,51.9,0.0,0.0,0.0,1.3689,0.0514,-0.9925,0.0,0.0,0.0
2026-06-12T17:28:22.652,F,0.0,51.9,0.0,0.0,0.0,1.3691,0.051,-0.9881,0.0,0.0,0.0
2026-06-12T17:28:22.814,F,0.0,52.0,0.0,0.0,0.0,1.37,0.054,-0.9847,0.0,0.0,0.0
2026-06-12T17:28:22.976,F,0.0,52.0,0.0,0.0,0.0,1.37,0.0558,-0.9825,0.0,0.0,0.0
2026-06-12T17:28:23.138,F,0.0,52.0,0.0,0.0,0.0,1.3698,0.0523,-0.9792,0.0,0.0,0.0
2026-06-12T17:28:23.300,F,0.0,51.9,0.0,0.0,0.0,1.37,0.0517,-0.9743,0.0,0.0,0.0
2026-06-12T17:28:23.462,F,0.0,51.9,0.0,0.0,0.0,1.3705,0.0534,-0.9754,0.0,0.0,0.0
2026-06-12T17:28:23.624,F,0.0,51.7,0.0,0.0,0.0,1.3706,0.0543,-0.9745,0.0,0.0,0.0
2026-06-12T17:28:23.786,F,0.0,51.7,0.0,0.0,0.0,1.3706,0.0518,-0.9712,0.0,0.0,0.0
2026-06-12T17:28:23.948,F,0.0,51.7,0.0,0.0,0.0,1.37,0.0497,-0.9703,0.0,0.0,0.0
2026-06-12T17:28:24.110,F,0.0,51.8,0.0,0.0,0.0,1.3705,0.0517,-0.9705,0.0,0.0,0.0
2026-06-12T17:28:24.272,F,0.0,51.7,0.0,0.0,0.0,1.3709,0.0542,-0.9706,0.0,0.0,0.0
2026-06-12T17:28:24.434,F,0.0,51.6,0.0,0.0,0.0,1.3706,0.052,-0.9708,0.0,0.0,0.0
2026-06-12T17:28:24.596,F,0.0,51.5,0.0,0.0,0.0,1.3704,0.0509,-0.9696,0.0,0.0,0.0
2026-06-12T17:28:24.758,F,0.0,51.5,0.0,0.0,0.0,1.3704,0.0496,-0.9702,0.0,0.0,0.0
2026-06-12T17:28:24.920,F,0.0,51.4,0.0,0.0,0.0,1.3704,0.0523,-0.9717,0.0,0.0,0.0
2026-06-12T17:28:25.082,F,0.0,51.3,0.0,0.0,0.0,1.371,0.0567,-0.9697,0.0,0.0,0.0
2026-06-12T17:28:25.244,F,0.0,51.1,0.0,0.0,0.0,1.3703,0.0518,-0.9683,0.0,0.0,0.0
2026-06-12T17:28:25.406,F,0.0,51.0,0.0,0.0,0.0,1.3702,0.052,-0.9674,0.0,0.0,0.0
2026-06-12T17:28:25.568,F,0.0,50.8,0.0,0.0,0.0,1.3703,0.0533,-0.9707,0.0,0.0,0.0
2026-06-12T17:28:25.730,F,0.0,50.6,0.0,0.0,0.0,1.3707,0.0556,-0.9686,0.0,0.0,0.0
2026-06-12T17:28:25.892,F,0.0,50.5,0.0,0.0,0.0,1.3702,0.0513,-0.967,0.0,0.0,0.0
2026-06-12T17:28:26.054,F,0.0,50.3,0.0,0.0,0.0,1.37,0.0491,-0.9646,0.0,0.0,0.0
2026-06-12T17:28:26.216,F,0.0,50.2,0.0,0.0,0.0,1.3703,0.0509,-0.9657,0.0,0.0,0.0
2026-06-12T17:28:26.378,F,0.0,50.0,0.0,0.0,0.0,1.3709,0.0534,-0.9647,0.0,0.0,0.0
2026-06-12T17:28:26.540,F,0.0,49.8,0.0,0.0,0.0,1.3711,0.0538,-0.9665,0.0,0.0,0.0
2026-06-12T17:28:26.702,F,0.0,49.7,0.0,0.0,0.0,1.3709,0.051,-0.9663,0.0,0.0,0.0
2026-06-12T17:28:26.864,F,0.0,49.6,0.0,0.0,0.0,1.3704,0.0485,-0.9649,0.0,0.0,0.0
2026-06-12T17:28:27.026,F,0.0,49.5,0.0,0.0,0.0,1.3709,0.0495,-0.9664,0.0,0.0,0.0
2026-06-12T17:28:27.188,F,0.0,49.4,0.0,0.0,0.0,1.3717,0.0526,-0.9643,0.0,0.0,0.0
2026-06-12T17:28:27.350,F,0.0,49.2,0.0,0.0,0.0,1.3711,0.0491,-0.9661,0.0,0.0,0.0
2026-06-12T17:28:27.512,F,0.0,49.2,0.0,0.0,0.0,1.3707,0.0473,-0.9658,0.0,0.0,0.0
2026-06-12T17:28:27.674,F,0.0,49.2,0.0,0.0,0.0,1.371,0.049,-0.9644,0.0,0.0,0.0
2026-06-12T17:28:27.836,F,0.0,49.1,0.0,0.0,0.0,1.3709,0.0472,-0.9654,0.0,0.0,0.0
2026-06-12T17:28:27.998,F,0.0,49.1,0.0,0.0,0.0,1.3711,0.0476,-0.9663,0.0,0.0,0.0
2026-06-12T17:28:28.160,F,0.0,49.0,0.0,0.0,0.0,1.371,0.0468,-0.9653,0.0,0.0,0.0
2026-06-12T17:28:28.322,F,0.0,49.0,0.0,0.0,0.0,1.3711,0.047,-0.9676,0.0,0.0,0.0
2026-06-12T17:28:28.484,F,0.0,49.0,0.0,0.0,0.0,1.3711,0.0462,-0.9685,0.0,0.0,0.0
2026-06-12T17:28:28.646,F,0.0,49.0,0.0,0.0,0.0,1.3709,0.0466,-0.9705,0.0,0.0,0.0
2026-06-12T17:28:28.808,F,0.0,49.0,0.0,0.0,0.0,1.371,0.0451,-0.9702,0.0,0.0,0.0
2026-06-12T17:28:28.970,F,0.0,49.0,0.0,0.0,0.0,1.371,0.0473,-0.9725,0.0,0.0,0.0
2026-06-12T17:28:29.132,F,0.0,49.0,0.0,0.0,0.0,1.3707,0.0453,-0.9727,0.0,0.0,0.0
2026-06-12T17:28:29.294,F,0.0,49.0,0.0,0.0,0.0,1.3707,0.046,-0.9738,0.0,0.0,0.0
2026-06-12T17:28:29.456,F,0.0,49.0,0.0,0.0,0.0,1.3707,0.0464,-0.9739,0.0,0.0,0.0
2026-06-12T17:28:29.618,F,0.0,49.0,0.0,0.0,0.0,1.3701,0.0446,-0.9752,0.0,0.0,0.0
2026-06-12T17:28:29.780,F,0.0,49.1,0.0,0.0,0.0,1.3704,0.0463,-0.9742,0.0,0.0,0.0
2026-06-12T17:28:29.942,F,0.0,49.1,0.0,0.0,0.0,1.3698,0.0445,-0.9769,0.0,0.0,0.0
2026-06-12T17:28:30.104,F,0.0,49.2,0.0,0.0,0.0,1.3701,0.0446,-0.9742,0.0,0.0,0.0
2026-06-12T17:28:30.266,F,0.0,49.2,0.0,0.0,0.0,1.3702,0.0455,-0.976,0.0,0.0,0.0
2026-06-12T17:28:30.428,F,0.0,49.3,0.0,0.0,0.0,1.3703,0.0447,-0.9754,0.0,0.0,0.0
2026-06-12T17:28:30.590,F,0.0,49.2,0.0,0.0,0.0,1.3704,0.0464,-0.975,0.0,0.0,0.0
2026-06-12T17:28:30.752,F,0.0,49.1,0.0,0.0,0.0,1.3706,0.0461,-0.9753,0.0,0.0,0.0
2026-06-12T17:28:30.914,F,0.0,49.1,0.0,0.0,0.0,1.3702,0.0448,-0.9762,0.0,0.0,0.0
2026-06-12T17:28:31.076,F,0.0,49.1,0.0,0.0,0.0,1.3707,0.0479,-0.9735,0.0,0.0,0.0
2026-06-12T17:28:31.238,F,0.0,49.1,0.0,0.0,0.0,1.3706,0.0464,-0.9735,0.0,0.0,0.0
2026-06-12T17:28:31.400,F,0.0,49.0,0.0,0.0,0.0,1.3706,0.0486,-0.9728,0.0,0.0,0.0
2026-06-12T17:28:31.562,F,0.0,49.0,0.0,0.0,0.0,1.3703,0.0476,-0.9729,0.0,0.0,0.0
2026-06-12T17:28:31.724,F,0.0,48.9,0.0,0.0,0.0,1.3702,0.0466,-0.9749,0.0,0.0,0.0
2026-06-12T17:28:31.886,F,0.0,48.9,0.0,0.0,0.0,1.3703,0.047,-0.9714,0.0,0.0,0.0
2026-06-12T17:28:32.048,F,0.0,48.8,0.0,0.0,0.0,1.3706,0.0498,-0.9706,0.0,0.0,0.0
2026-06-12T17:28:32.210,F,0.0,48.8,0.0,0.0,0.0,1.37,0.0476,-0.9706,0.0,0.0,0.0
2026-06-12T17:29:56.938,G,85.7,0.0,90.8,58.6,62.8,0.5507,0.9811,-0.8488,0.0,0.0,0.0
2026-06-12T17:29:57.100,G,85.7,0.0,90.6,58.6,62.6,0.5498,0.9815,-0.8496,0.0,0.0,0.0
2026-06-12T17:29:57.262,G,85.6,0.0,90.5,58.6,62.5,0.5495,0.9822,-0.8496,0.0,0.0,0.0
2026-06-12T17:29:57.424,G,85.6,0.0,90.5,58.6,62.4,0.5497,0.9816,-0.8499,0.0,0.0,0.0
2026-06-12T17:29:57.586,G,85.5,0.0,90.6,58.5,62.4,0.55,0.9817,-0.849,0.0,0.0,0.0
2026-06-12T17:29:57.748,G,85.5,0.0,90.7,58.6,62.3,0.549,0.9814,-0.848,0.0,0.0,0.0
2026-06-12T17:29:57.910,G,85.5,0.0,90.7,58.6,62.2,0.5495,0.9795,-0.8473,0.0,0.0,0.0
2026-06-12T17:29:58.072,G,85.5,0.0,90.7,58.7,62.2,0.5503,0.9795,-0.8457,0.0,0.0,0.0
2026-06-12T17:29:58.234,G,85.5,0.0,90.7,58.7,62.1,0.551,0.9768,-0.8448,0.0,0.0,0.0
2026-06-12T17:29:58.396,G,85.6,0.0,90.6,58.7,61.9,0.5508,0.9769,-0.8454,0.0,0.0,0.0
2026-06-12T17:29:58.558,G,85.6,0.0,90.5,58.8,61.7,0.5507,0.9769,-0.8448,0.0,0.0,0.0
2026-06-12T17:29:58.720,G,85.5,0.0,89.5,58.8,61.6,0.5502,0.9778,-0.8441,0.0,0.0,0.0
2026-06-12T17:29:58.882,G,85.4,0.0,88.6,58.8,61.4,0.5492,0.9794,-0.8459,0.0,0.0,0.0
2026-06-12T17:29:59.044,G,85.3,0.0,87.6,58.8,61.2,0.5493,0.979,-0.8482,0.0,0.0,0.0
2026-06-12T17:29:59.206,G,85.3,0.0,86.8,58.8,61.1,0.5482,0.9787,-0.8481,0.0,0.0,0.0
2026-06-12T17:29:59.368,G,85.3,0.0,86.7,58.9,61.0,0.5482,0.9808,-0.8487,0.0,0.0,0.0
2026-06-12T17:29:59.530,G,85.2,0.0,86.5,58.9,60.9,0.5481,0.9807,-0.849,0.0,0.0,0.0
2026-06-12T17:29:59.692,G,85.1,0.0,86.4,58.9,60.8,0.5474,0.9818,-0.8499,0.0,0.0,0.0
2026-06-12T17:29:59.854,G,85.0,0.0,86.1,58.9,60.7,0.5467,0.981,-0.8496,0.0,0.0,0.0
2026-06-12T17:30:00.016,G,84.9,0.0,85.8,58.9,60.6,0.547,0.9812,-0.8493,0.0,0.0,0.0
2026-06-12T17:30:00.178,G,84.8,0.0,85.7,59.0,60.5,0.5471,0.9812,-0.8493,0.0,0.0,0.0
2026-06-12T17:30:00.340,G,84.8,0.0,85.4,59.0,60.4,0.5473,0.9811,-0.848,0.0,0.0,0.0
2026-06-12T17:30:00.502,G,84.8,0.0,85.3,59.0,60.4,0.5479,0.9809,-0.8485,0.0,0.0,0.0
2026-06-12T17:30:00.664,G,84.8,0.0,85.0,59.0,60.4,0.5479,0.981,-0.8487,0.0,0.0,0.0
2026-06-12T17:30:00.826,G,84.8,0.0,84.5,59.0,60.5,0.5484,0.9796,-0.8485,0.0,0.0,0.0
2026-06-12T17:30:00.988,G,84.7,0.0,84.0,59.0,60.6,0.5488,0.9818,-0.8497,0.0,0.0,0.0
2026-06-12T17:30:01.150,G,84.7,0.0,83.3,59.0,60.8,0.5495,0.9813,-0.8506,0.0,0.0,0.0
2026-06-12T17:30:01.312,G,84.8,0.0,82.6,59.1,60.9,0.5494,0.9818,-0.8506,0.0,0.0,0.0
2026-06-12T17:30:01.474,G,84.8,0.0,81.9,59.2,61.1,0.5491,0.9829,-0.8507,0.0,0.0,0.0
2026-06-12T17:30:01.636,G,84.7,0.0,81.1,59.3,61.2,0.5493,0.9823,-0.8503,0.0,0.0,0.0
2026-06-12T17:30:01.798,G,84.7,0.0,80.5,59.3,61.4,0.549,0.9828,-0.8507,0.0,0.0,0.0
2026-06-12T17:30:01.960,G,84.6,0.0,79.8,59.4,61.6,0.5495,0.9818,-0.8506,0.0,0.0,0.0
2026-06-12T17:30:02.122,G,84.5,0.0,78.9,59.5,61.8,0.5497,0.9816,-0.8506,0.0,0.0,0.0
2026-06-12T17:30:02.284,G,84.5,0.0,78.1,59.5,62.1,0.5499,0.9827,-0.8508,0.0,0.0,0.0
2026-06-12T17:30:02.446,G,84.5,0.0,77.6,59.6,62.5,0.5496,0.9823,-0.851,0.0,0.0,0.0
2026-06-12T17:30:02.608,G,84.5,0.0,77.0,59.8,62.8,0.5492,0.9829,-0.8506,0.0,0.0,0.0
2026-06-12T17:30:02.770,G,84.5,0.0,77.2,59.9,63.1,0.5503,0.9834,-0.85,0.0,0.0,0.0
2026-06-12T17:30:02.932,G,84.4,0.0,77.3,59.8,63.4,0.5503,0.9836,-0.8501,0.0,0.0,0.0
2026-06-12T17:30:03.094,G,84.4,0.0,77.4,59.8,63.8,0.5504,0.9845,-0.8507,0.0,0.0,0.0
2026-06-12T17:30:03.256,G,84.2,0.0,77.2,59.8,64.1,0.5504,0.983,-0.8523,0.0,0.0,0.0
2026-06-12T17:30:03.418,G,84.1,0.0,77.0,59.8,64.3,0.55,0.9841,-0.8524,0.0,0.0,0.0
2026-06-12T17:30:03.580,G,83.9,0.0,76.8,59.9,64.6,0.5497,0.9839,-0.8512,0.0,0.0,0.0
2026-06-12T17:30:03.742,G,83.8,0.0,76.5,59.9,64.8,0.5496,0.9824,-0.8501,0.0,0.0,0.0
2026-06-12T17:30:03.904,G,83.8,0.0,76.3,60.0,64.9,0.5498,0.9835,-0.8498,0.0,0.0,0.0
2026-06-12T17:30:04.066,G,83.8,0.0,76.2,60.0,65.2,0.5497,0.9834,-0.8501,0.0,0.0,0.0
2026-06-12T17:30:04.228,G,83.6,0.0,75.6,60.0,65.4,0.5486,0.9813,-0.8481,0.0,0.0,0.0
2026-06-12T17:30:04.390,G,83.4,0.0,75.4,60.0,65.7,0.5512,0.9843,-0.8521,0.0,0.0,0.0
2026-06-12T17:30:04.552,G,83.2,0.0,75.2,60.0,65.9,0.5507,0.9814,-0.8526,0.0,0.0,0.0
2026-06-12T17:30:04.714,G,83.2,0.0,75.1,60.1,66.0,0.5485,0.9836,-0.8502,0.0,0.0,0.0
2026-06-12T17:30:04.876,G,83.2,0.0,75.3,60.1,66.1,0.5496,0.9823,-0.8507,0.0,0.0,0.0
2026-06-12T17:30:05.038,G,83.1,0.0,75.3,60.1,66.1,0.5493,0.9815,-0.851,0.0,0.0,0.0
2026-06-12T17:30:05.200,G,83.1,0.0,74.9,60.0,66.1,0.5483,0.982,-0.8478,0.0,0.0,0.0
2026-06-12T17:30:05.362,G,83.0,0.0,74.6,59.9,66.1,0.5481,0.9839,-0.8491,0.0,0.0,0.0
2026-06-12T17:30:05.524,G,82.8,0.0,74.5,59.8,66.2,0.5489,0.9816,-0.8466,0.0,0.0,0.0
2026-06-12T17:30:05.686,G,82.6,0.0,74.3,59.7,66.2,0.5479,0.9802,-0.8427,0.0,0.0,0.0
2026-06-12T17:30:05.848,G,82.8,0.0,74.0,59.7,66.2,0.5464,0.9814,-0.8431,0.0,0.0,0.0
2026-06-12T17:30:06.010,G,83.0,0.0,72.9,59.5,66.1,0.5458,0.9814,-0.8456,0.0,0.0,0.0
2026-06-12T17:30:06.172,G,83.2,0.0,71.9,59.4,66.1,0.5454,0.9832,-0.8458,0.0,0.0,0.0
2026-06-12T17:30:06.334,G,82.8,0.0,70.6,59.2,66.1,0.5459,0.9842,-0.8512,0.0,0.0,0.0
2026-06-12T17:30:06.496,G,82.6,0.0,69.3,59.0,66.0,0.5444,0.9855,-0.8529,0.0,0.0,0.0
2026-06-12T17:30:06.658,G,82.8,0.0,68.0,58.9,66.0,0.5444,0.9855,-0.8518,0.0,0.0,0.0
2026-06-12T17:30:06.820,G,82.8,0.0,66.8,58.7,66.0,0.5468,0.9821,-0.8546,0.0,0.0,0.0
2026-06-12T17:33:11.896,H,14.1,3.0,0.0,29.0,69.9,1.1316,0.6706,-0.9873,0.0,0.0,0.0
2026-06-12T17:33:11.990,H,14.3,2.9,0.0,28.7,69.5,1.134,0.669,-0.9841,0.0,0.0,0.0
2026-06-12T17:33:12.152,H,14.4,2.8,0.0,29.3,69.1,1.1362,0.6675,-0.9807,0.0,0.0,0.0
2026-06-12T17:33:12.314,H,14.7,2.7,0.0,29.8,68.9,1.1385,0.6658,-0.9778,0.0,0.0,0.0
2026-06-12T17:33:12.476,H,15.0,2.6,0.0,30.6,68.7,1.1384,0.666,-0.9747,0.0,0.0,0.0
2026-06-12T17:33:12.638,H,15.5,0.0,0.0,30.2,68.5,1.1394,0.666,-0.9714,0.0,0.0,0.0
2026-06-12T17:33:12.800,H,15.7,0.0,0.0,30.3,68.4,1.1417,0.6638,-0.9706,0.0,0.0,0.0
2026-06-12T17:33:12.962,H,16.0,0.0,0.0,30.4,68.3,1.1423,0.6626,-0.9694,0.0,0.0,0.0
2026-06-12T17:33:13.124,H,16.1,0.0,0.0,30.5,68.2,1.1463,0.6579,-0.9708,0.0,0.0,0.0
2026-06-12T17:33:13.286,H,16.5,0.0,0.0,30.2,68.1,1.1453,0.6571,-0.9706,0.0,0.0,0.0
2026-06-12T17:33:13.448,H,16.3,0.0,0.0,30.1,68.6,1.1438,0.6645,-0.9709,0.0,0.0,0.0
2026-06-12T17:33:13.610,H,15.9,0.0,0.0,30.5,68.5,1.1462,0.6543,-0.9781,0.0,0.0,0.0
2026-06-12T17:33:13.772,H,15.7,0.0,0.0,30.6,68.6,1.1458,0.6565,-0.9796,0.0,0.0,0.0
2026-06-12T17:33:13.934,H,15.7,0.0,0.0,30.9,68.7,1.1482,0.6536,-0.981,0.0,0.0,0.0
2026-06-12T17:33:14.096,H,15.6,0.0,0.0,31.1,68.9,1.1484,0.6546,-0.9833,0.0,0.0,0.0
2026-06-12T17:33:14.258,H,15.6,0.0,0.0,31.2,69.0,1.147,0.6553,-0.9857,0.0,0.0,0.0
2026-06-12T17:33:14.420,H,15.5,0.0,0.0,31.4,69.9,1.1474,0.6543,-0.9877,0.0,0.0,0.0
2026-06-12T17:33:14.582,H,15.4,0.0,0.0,31.5,70.9,1.147,0.6543,-0.9893,0.0,0.0,0.0
2026-06-12T17:33:14.744,H,15.3,0.0,0.0,31.9,71.9,1.1477,0.6544,-0.9894,0.0,0.0,0.0
2026-06-12T17:33:14.906,H,14.8,0.0,0.0,31.9,72.8,1.1475,0.655,-0.9898,0.0,0.0,0.0
2026-06-12T17:33:15.068,H,14.7,0.0,0.0,32.1,73.7,1.1467,0.6565,-0.9904,0.0,0.0,0.0
2026-06-12T17:33:15.230,H,14.5,0.0,0.0,31.9,74.6,1.1462,0.6508,-0.9933,0.0,0.0,0.0
2026-06-12T17:33:15.392,H,13.2,0.0,0.0,32.3,75.5,1.1448,0.6535,-1.0019,0.0,0.0,0.0
2026-06-12T17:33:15.554,H,14.9,0.0,0.0,32.4,76.4,1.1449,0.6551,-1.0039,0.0,0.0,0.0
2026-06-12T17:33:15.716,H,13.1,0.0,0.0,32.2,77.3,1.1441,0.6571,-1.008,0.0,0.0,0.0
2026-06-12T17:33:15.878,H,11.0,0.0,0.0,32.4,78.1,1.1445,0.6564,-1.0085,0.0,0.0,0.0
2026-06-12T17:33:16.040,H,8.7,0.0,0.0,31.7,79.0,1.1445,0.6563,-1.0101,0.0,0.0,0.0
2026-06-12T17:33:16.202,H,6.4,0.0,0.0,31.1,79.9,1.1425,0.6582,-1.0123,0.0,0.0,0.0
2026-06-12T17:33:16.364,H,4.1,0.0,0.0,30.3,80.8,1.1434,0.6573,-1.0123,0.0,0.0,0.0
2026-06-12T17:33:16.526,H,0.0,2.5,0.0,29.7,81.7,1.1428,0.658,-1.0137,0.0,0.0,0.0
2026-06-12T17:33:16.688,H,0.0,2.7,0.0,29.7,82.7,1.1431,0.6571,-1.0138,0.0,0.0,0.0
2026-06-12T17:33:16.850,H,0.0,2.8,0.0,29.7,83.6,1.1423,0.657,-1.0142,0.0,0.0,0.0
2026-06-12T17:33:17.012,H,0.0,3.0,0.0,29.8,84.6,1.1415,0.6574,-1.0145,0.0,0.0,0.0
2026-06-12T17:33:17.174,H,0.0,3.1,0.0,29.8,85.5,1.1419,0.6559,-1.0152,0.0,0.0,0.0
2026-06-12T17:33:17.336,H,0.0,3.2,0.0,29.8,86.5,1.1406,0.6573,-1.0141,0.0,0.0,0.0
2026-06-12T17:33:17.498,H,0.0,3.4,0.0,29.3,87.1,1.1409,0.6562,-1.0162,0.0,0.0,0.0
2026-06-12T17:33:17.660,H,0.0,3.5,0.0,28.6,88.0,1.1394,0.6558,-1.0198,0.0,0.0,0.0
2026-06-12T17:33:17.822,H,0.0,3.6,0.0,28.1,88.8,1.1392,0.6565,-1.0235,0.0,0.0,0.0
2026-06-12T17:33:17.984,H,0.0,3.7,0.0,27.8,89.7,1.1393,0.6577,-1.0239,0.0,0.0,0.0
2026-06-12T17:33:18.146,H,0.0,3.8,0.0,27.6,90.5,1.1389,0.6583,-1.027,0.0,0.0,0.0
2026-06-12T17:33:18.308,H,0.0,4.0,0.0,27.5,91.4,1.1396,0.6576,-1.0293,0.0,0.0,0.0
2026-06-12T17:33:18.470,H,0.0,4.1,0.0,27.1,91.4,1.1383,0.6589,-1.0294,0.0,0.0,0.0
2026-06-12T17:33:18.632,H,0.0,4.2,0.0,26.9,91.5,1.1384,0.659,-1.0297,0.0,0.0,0.0
2026-06-12T17:33:18.794,H,0.0,4.3,0.0,26.8,91.6,1.1383,0.6582,-1.0321,0.0,0.0,0.0
2026-06-12T17:33:18.956,H,0.0,4.4,0.0,26.4,91.7,1.1377,0.6591,-1.0321,0.0,0.0,0.0
2026-06-12T17:33:19.118,H,0.0,4.3,0.0,26.6,91.7,1.1382,0.6586,-1.0317,0.0,0.0,0.0
2026-06-12T17:33:19.280,H,0.0,4.2,0.0,26.8,91.7,1.1373,0.6583,-1.032,0.0,0.0,0.0
2026-06-12T17:33:19.442,H,0.0,4.2,0.0,26.7,91.8,1.1374,0.6597,-1.0337,0.0,0.0,0.0
2026-06-12T17:33:19.604,H,0.0,4.3,0.0,26.7,91.9,1.1374,0.6597,-1.035,0.0,0.0,0.0
2026-06-12T17:33:19.766,H,0.0,4.3,0.0,27.1,91.9,1.1375,0.6601,-1.0346,0.0,0.0,0.0
2026-06-12T17:33:19.928,H,0.0,4.1,0.0,27.1,92.0,1.1383,0.6606,-1.0348,0.0,0.0,0.0
2026-06-12T17:33:20.090,H,0.0,4.1,0.0,27.9,92.0,1.138,0.6589,-1.0382,0.0,0.0,0.0
2026-06-12T17:33:20.252,H,0.0,4.0,0.0,28.2,92.0,1.1364,0.6604,-1.0397,0.0,0.0,0.0
2026-06-12T17:33:20.414,H,0.0,3.9,0.0,28.6,92.0,1.137,0.6611,-1.0401,0.0,0.0,0.0
2026-06-12T17:33:20.576,H,0.0,3.9,0.0,28.1,91.9,1.1356,0.6618,-1.0388,0.0,0.0,0.0
2026-06-12T17:33:20.738,H,0.0,3.8,0.0,27.4,91.8,1.1362,0.6613,-1.0397,0.0,0.0,0.0
2026-06-12T17:33:20.900,H,0.0,3.7,0.0,27.2,91.7,1.1357,0.6625,-1.0384,0.0,0.0,0.0
2026-06-12T17:33:21.062,H,0.0,3.6,0.0,26.8,91.6,1.1342,0.662,-1.0386,0.0,0.0,0.0
2026-06-12T17:33:21.224,H,0.0,3.7,0.0,27.0,91.5,1.1327,0.6626,-1.0414,0.0,0.0,0.0
2026-06-12T17:33:21.386,H,0.0,3.6,0.0,27.5,91.4,1.1326,0.6619,-1.0412,0.0,0.0,0.0
2026-06-12T17:33:21.548,H,0.0,3.5,0.0,28.2,91.3,1.1327,0.6627,-1.0412,0.0,0.0,0.0
2026-06-12T17:33:21.710,H,0.0,3.4,0.0,28.6,91.2,1.133,0.6631,-1.0401,0.0,0.0,0.0
2026-06-12T17:33:21.872,H,0.0,3.3,0.0,28.6,91.1,1.1332,0.6625,-1.0415,0.0,0.0,0.0
2026-06-12T17:33:22.034,H,0.0,3.2,0.0,28.5,91.0,1.1324,0.6624,-1.0419,0.0,0.0,0.0
2026-06-12T17:35:19.250,J,100.0,28.7,100.0,38.7,0.0,-0.3992,0.3727,-0.3778,0.0,0.0,0.0
2026-06-12T17:35:19.251,J,100.0,28.7,100.0,38.6,0.0,-0.398,0.3777,-0.382,0.0,0.0,0.0
2026-06-12T17:35:19.251,J,100.0,28.7,100.0,38.6,0.0,-0.4031,0.3708,-0.3812,0.0,0.0,0.0
2026-06-12T17:35:19.252,J,100.0,28.8,100.0,38.7,0.0,-0.4038,0.37,-0.3815,0.0,0.0,0.0
2026-06-12T17:35:19.252,J,100.0,28.8,100.0,38.7,0.0,-0.4073,0.3618,-0.3779,0.0,0.0,0.0
2026-06-12T17:35:19.252,J,100.0,28.8,100.0,38.7,0.0,-0.4081,0.356,-0.3811,0.0,0.0,0.0
2026-06-12T17:35:19.253,J,100.0,28.8,100.0,38.7,0.0,-0.4071,0.3488,-0.3794,0.0,0.0,0.0
2026-06-12T17:35:19.253,J,100.0,28.8,100.0,38.8,0.0,-0.407,0.3371,-0.3833,0.0,0.0,0.0
2026-06-12T17:35:19.486,J,100.0,28.7,83.5,34.5,0.0,-0.4463,0.3746,-0.524,15.5425,0.0,0.0
2026-06-12T17:35:19.648,J,100.0,28.8,82.3,34.2,0.0,-0.4468,0.384,-0.5445,0.0,0.0,0.0
2026-06-12T17:35:19.810,J,100.0,28.9,79.1,34.0,0.0,-0.4468,0.3616,-0.5214,0.0,0.0,0.0
2026-06-12T17:35:19.972,J,100.0,29.0,75.3,34.0,0.0,-0.4458,0.3482,-0.5085,0.0,0.0,0.0
2026-06-12T17:35:20.134,J,100.0,29.1,71.9,33.4,0.0,-0.4459,0.3409,-0.4977,0.0,0.0,0.0
2026-06-12T17:35:20.296,J,100.0,29.3,68.8,33.2,0.0,-0.4468,0.3352,-0.4878,0.0,0.0,0.0
2026-06-12T17:35:20.458,J,100.0,29.5,65.6,32.9,0.0,-0.4468,0.3261,-0.4774,0.0,0.0,0.0
2026-06-12T17:35:20.620,J,100.0,29.8,62.3,32.6,0.0,-0.4467,0.3211,-0.4692,0.0,0.0,0.0
2026-06-12T17:35:20.782,J,100.0,30.0,59.3,31.9,0.0,-0.4507,0.3172,-0.4569,0.0,0.0,0.0
2026-06-12T17:35:20.944,J,100.0,30.2,55.5,31.2,0.0,-0.4462,0.3088,-0.4539,0.0,0.0,0.0
2026-06-12T17:35:21.106,J,100.0,30.4,52.1,31.0,0.0,-0.4471,0.3016,-0.4381,0.0,0.0,0.0
2026-06-12T17:35:21.268,J,100.0,30.4,48.9,30.5,0.0,-0.4444,0.2864,-0.4318,0.0,0.0,0.0
2026-06-12T17:35:21.430,J,100.0,30.5,46.6,30.3,0.0,-0.444,0.2789,-0.4247,0.0,0.0,0.0
2026-06-12T17:35:21.592,J,100.0,30.6,43.7,29.3,0.0,-0.4436,0.2746,-0.4167,0.0,0.0,0.0
2026-06-12T17:35:21.754,J,100.0,30.7,44.0,28.6,0.0,-0.4417,0.2661,-0.4082,0.0,0.0,0.0
2026-06-12T17:35:21.916,J,100.0,30.7,45.2,27.9,0.0,-0.44,0.263,-0.4066,0.0,0.0,0.0
2026-06-12T17:35:22.078,J,100.0,30.8,46.2,27.8,0.0,-0.442,0.2597,-0.4017,0.0,0.0,0.0
2026-06-12T17:35:22.240,J,100.0,30.8,46.4,28.3,0.0,-0.441,0.2585,-0.4007,0.0,0.0,0.0
2026-06-12T17:35:22.402,J,100.0,30.7,46.9,28.3,0.0,-0.4419,0.2583,-0.3987,0.0,0.0,0.0
2026-06-12T17:35:22.564,J,100.0,30.7,46.8,28.3,0.0,-0.4406,0.2556,-0.4012,0.0,0.0,0.0
2026-06-12T17:35:22.726,J,100.0,30.8,46.7,27.7,0.0,-0.4371,0.2519,-0.4009,0.0,0.0,0.0
2026-06-12T17:35:22.888,J,100.0,30.9,47.0,27.6,0.0,-0.4389,0.2516,-0.3958,0.0,0.0,0.0
2026-06-12T17:35:23.050,J,100.0,31.1,47.7,27.5,0.0,-0.4391,0.2507,-0.3925,0.0,0.0,0.0
2026-06-12T17:35:23.212,J,100.0,31.3,45.5,27.7,0.0,-0.438,0.2511,-0.3927,0.0,0.0,0.0
2026-06-12T17:35:23.374,J,100.0,31.4,43.3,27.9,0.0,-0.4393,0.247,-0.3924,0.0,0.0,0.0
2026-06-12T17:35:23.536,J,100.0,31.4,41.5,27.9,0.0,-0.4382,0.2476,-0.3935,0.0,0.0,0.0
2026-06-12T17:35:23.698,J,100.0,31.5,40.1,28.2,0.0,-0.4394,0.2477,-0.3909,0.0,0.0,0.0
2026-06-12T17:35:23.860,J,100.0,31.5,40.5,28.3,0.0,-0.4409,0.2451,-0.3916,0.0,0.0,0.0
2026-06-12T17:35:24.022,J,100.0,31.5,41.6,28.3,0.0,-0.4415,0.2473,-0.3943,0.0,0.0,0.0
2026-06-12T17:35:24.185,J,100.0,31.5,42.2,28.8,0.0,-0.442,0.2459,-0.3941,0.0,0.0,0.0
2026-06-12T17:35:24.346,J,100.0,31.6,42.4,29.0,0.0,-0.4436,0.2436,-0.3931,0.0,0.0,0.0
2026-06-12T17:35:24.508,J,100.0,31.6,42.8,29.3,0.0,-0.4437,0.2464,-0.3939,0.0,0.0,0.0
2026-06-12T17:35:24.670,J,100.0,31.7,43.2,29.5,0.0,-0.4436,0.2454,-0.3943,0.0,0.0,0.0
2026-06-12T17:35:24.832,J,100.0,31.7,43.2,30.1,0.0,-0.4456,0.2462,-0.3924,0.0,0.0,0.0
2026-06-12T17:35:24.994,J,100.0,31.6,43.9,30.6,0.0,-0.4478,0.2482,-0.391,0.0,0.0,0.0
2026-06-12T17:35:25.156,J,100.0,31.7,44.3,30.3,0.0,-0.4483,0.2485,-0.3896,0.0,0.0,0.0
2026-06-12T17:35:25.318,J,100.0,31.7,44.4,30.1,0.0,-0.448,0.247,-0.3892,0.0,0.0,0.0
2026-06-12T17:35:25.480,J,100.0,31.7,44.0,29.6,0.0,-0.4481,0.2457,-0.3892,0.0,0.0,0.0
2026-06-12T17:35:25.642,J,100.0,31.7,44.4,30.0,0.0,-0.4475,0.2457,-0.3909,0.0,0.0,0.0
2026-06-12T17:35:25.804,J,100.0,31.6,44.9,30.2,0.0,-0.4471,0.2454,-0.3922,0.0,0.0,0.0
2026-06-12T17:35:25.966,J,100.0,31.6,44.4,30.2,0.0,-0.4477,0.2444,-0.3922,0.0,0.0,0.0
2026-06-12T17:35:26.128,J,100.0,31.6,44.4,30.3,0.0,-0.4473,0.2424,-0.3925,0.0,0.0,0.0
2026-06-12T17:35:26.290,J,100.0,31.5,44.4,29.9,0.0,-0.4474,0.243,-0.394,0.0,0.0,0.0
2026-06-12T17:35:26.452,J,100.0,31.2,43.8,29.9,0.0,-0.4479,0.2413,-0.3936,0.0,0.0,0.0
2026-06-12T17:35:26.614,J,100.0,31.1,43.2,29.9,0.0,-0.447,0.2408,-0.3955,0.0,0.0,0.0
2026-06-12T17:35:26.776,J,100.0,30.9,42.8,30.1,0.0,-0.4472,0.2394,-0.3963,0.0,0.0,0.0
2026-06-12T17:35:26.938,J,100.0,30.9,42.1,30.1,0.0,-0.4467,0.2392,-0.3956,0.0,0.0,0.0
2026-06-12T17:35:27.100,J,100.0,30.7,41.7,30.0,0.0,-0.4468,0.2393,-0.3943,0.0,0.0,0.0
2026-06-12T17:35:27.262,J,100.0,30.7,41.3,29.5,0.0,-0.447,0.2381,-0.3958,0.0,0.0,0.0
2026-06-12T17:35:27.424,J,100.0,30.6,41.1,29.1,0.0,-0.4474,0.2389,-0.3958,0.0,0.0,0.0
2026-06-12T17:35:27.586,J,100.0,30.5,41.0,28.6,0.0,-0.4483,0.239,-0.3941,0.0,0.0,0.0
2026-06-12T17:35:27.748,J,100.0,30.3,41.0,28.1,0.0,-0.4469,0.2409,-0.3987,0.0,0.0,0.0
2026-06-12T17:35:27.910,J,100.0,30.2,41.0,27.4,0.0,-0.446,0.2409,-0.3994,0.0,0.0,0.0
2026-06-12T17:35:28.072,J,100.0,30.0,41.0,26.6,0.0,-0.4479,0.242,-0.4008,0.0,0.0,0.0
2026-06-12T17:35:28.234,J,100.0,29.8,40.6,26.5,0.0,-0.4481,0.2407,-0.4001,0.0,0.0,0.0
2026-06-12T17:35:28.396,J,100.0,29.7,40.3,26.0,0.0,-0.4469,0.2448,-0.3997,0.0,0.0,0.0
2026-06-12T17:35:28.558,J,100.0,29.6,40.3,25.3,0.0,-0.4467,0.2445,-0.4009,0.0,0.0,0.0
2026-06-12T17:35:28.720,J,100.0,29.6,40.2,24.6,0.0,-0.4472,0.2447,-0.4011,0.0,0.0,0.0
2026-06-12T17:35:28.882,J,100.0,29.6,40.0,24.0,0.0,-0.4478,0.2466,-0.398,0.0,0.0,0.0
2026-06-12T17:35:29.044,J,100.0,29.6,39.9,24.0,0.0,-0.446,0.2445,-0.4014,0.0,0.0,0.0
2026-06-12T17:35:29.206,J,100.0,29.6,39.9,24.4,0.0,-0.4464,0.2459,-0.3986,0.0,0.0,0.0
2026-06-12T17:35:29.368,J,100.0,29.4,39.6,24.9,0.0,-0.4474,0.2438,-0.3959,0.0,0.0,0.0
2026-06-12T17:38:55.598,L,0.0,0.0,36.5,96.4,75.6,1.3167,-0.1309,-0.6058,0.0,0.0,0.0
2026-06-12T17:38:55.760,L,0.0,0.0,36.6,96.4,75.8,1.3182,-0.1311,-0.6075,0.0,0.0,0.0
2026-06-12T17:38:55.922,L,0.0,0.0,36.6,96.3,76.0,1.3192,-0.1311,-0.6085,0.0,0.0,0.0
2026-06-12T17:38:56.084,L,0.0,0.0,36.7,96.3,76.2,1.3187,-0.1322,-0.6096,0.0,0.0,0.0
2026-06-12T17:38:56.246,L,0.0,0.0,36.7,96.3,76.3,1.3196,-0.1311,-0.6097,0.0,0.0,0.0
2026-06-12T17:38:56.408,L,0.0,0.0,36.6,96.3,76.5,1.3201,-0.1325,-0.6103,0.0,0.0,0.0
2026-06-12T17:38:56.570,L,0.0,0.0,36.5,96.3,76.6,1.3199,-0.134,-0.6106,0.0,0.0,0.0
2026-06-12T17:38:56.732,L,0.0,0.0,36.4,96.3,76.7,1.3198,-0.1349,-0.613,0.0,0.0,0.0
2026-06-12T17:38:56.894,L,0.0,0.0,36.4,96.3,76.9,1.3199,-0.1354,-0.6139,0.0,0.0,0.0
2026-06-12T17:38:57.056,L,0.0,0.0,36.4,96.3,77.0,1.3187,-0.1361,-0.6148,0.0,0.0,0.0
2026-06-12T17:38:57.218,L,0.0,0.0,36.2,96.4,77.2,1.3193,-0.1364,-0.6156,0.0,0.0,0.0
2026-06-12T17:38:57.380,L,0.0,0.0,35.9,96.6,77.3,1.3193,-0.1372,-0.6172,0.0,0.0,0.0
2026-06-12T17:38:57.542,L,0.0,0.0,35.7,96.8,77.4,1.3196,-0.1377,-0.6189,0.0,0.0,0.0
2026-06-12T17:38:57.704,L,0.0,0.0,35.5,96.9,77.5,1.3196,-0.1389,-0.6182,0.0,0.0,0.0
2026-06-12T17:38:57.866,L,0.0,0.0,35.3,97.1,77.6,1.3207,-0.1388,-0.6195,0.0,0.0,0.0
2026-06-12T17:38:58.028,L,0.0,0.0,35.2,97.2,77.8,1.3198,-0.1404,-0.6191,0.0,0.0,0.0
2026-06-12T17:38:58.190,L,0.0,0.0,34.9,97.4,77.9,1.3197,-0.1395,-0.6191,0.0,0.0,0.0
2026-06-12T17:38:58.352,L,0.0,0.0,34.7,97.6,78.0,1.3199,-0.1403,-0.6182,0.0,0.0,0.0
2026-06-12T17:38:58.514,L,0.0,0.0,34.3,97.7,78.1,1.3194,-0.14,-0.6167,0.0,0.0,0.0
2026-06-12T17:38:58.676,L,0.0,0.0,34.0,98.0,78.2,1.3205,-0.1387,-0.6174,0.0,0.0,0.0
2026-06-12T17:38:58.838,L,0.0,0.0,33.7,98.1,78.3,1.3196,-0.1393,-0.6179,0.0,0.0,0.0
2026-06-12T17:38:59.000,L,0.0,0.0,33.4,98.3,78.4,1.32,-0.1394,-0.6158,0.0,0.0,0.0
2026-06-12T17:38:59.162,L,0.0,0.0,33.1,98.6,78.6,1.319,-0.1382,-0.6171,0.0,0.0,0.0
2026-06-12T17:38:59.324,L,0.0,0.0,32.8,98.9,78.7,1.3196,-0.1378,-0.616,0.0,0.0,0.0
2026-06-12T17:38:59.486,L,0.0,0.0,32.4,99.1,78.4,1.3195,-0.1381,-0.6155,0.0,0.0,0.0
2026-06-12T17:38:59.648,L,0.0,0.0,32.3,99.2,78.2,1.3195,-0.1389,-0.6153,0.0,0.0,0.0
2026-06-12T17:38:59.810,L,0.0,0.0,32.6,99.4,77.9,1.3196,-0.1388,-0.6162,0.0,0.0,0.0
2026-06-12T17:38:59.972,L,0.0,0.0,32.8,99.6,77.7,1.3187,-0.1399,-0.6168,0.0,0.0,0.0
2026-06-12T17:39:00.134,L,0.0,0.0,33.0,99.7,77.6,1.3187,-0.1398,-0.6163,0.0,0.0,0.0
2026-06-12T17:39:00.296,L,0.0,0.0,33.3,99.8,77.4,1.3184,-0.1394,-0.6177,0.0,0.0,0.0
2026-06-12T17:39:00.458,L,0.0,0.0,33.7,99.9,77.2,1.3189,-0.1398,-0.6179,0.0,0.0,0.0
2026-06-12T17:39:00.620,L,0.0,0.0,34.1,100.0,77.0,1.3182,-0.1396,-0.6171,0.0,0.0,0.0
2026-06-12T17:39:00.782,L,0.0,0.0,34.5,100.0,76.8,1.3199,-0.1383,-0.6119,0.0,0.0,0.0
2026-06-12T17:39:00.944,L,0.0,0.0,34.8,100.0,76.7,1.3184,-0.1386,-0.613,0.0,0.0,0.0
2026-06-12T17:39:01.106,L,0.0,0.0,35.0,100.0,76.5,1.3177,-0.1393,-0.6123,0.0,0.0,0.0
2026-06-12T17:39:01.268,L,0.0,0.0,34.9,100.0,76.4,1.3167,-0.1416,-0.6139,0.0,0.0,0.0
2026-06-12T17:39:01.430,L,0.0,0.0,34.8,99.9,76.2,1.3189,-0.1385,-0.6126,0.0,0.0,0.0
2026-06-12T17:39:01.592,L,0.0,0.0,34.8,99.7,76.1,1.3192,-0.1403,-0.609,0.0,0.0,0.0
2026-06-12T17:39:01.754,L,0.0,0.0,34.8,99.5,76.0,1.3183,-0.1411,-0.6108,0.0,0.0,0.0
2026-06-12T17:39:01.916,L,0.0,0.0,34.7,99.4,75.9,1.3149,-0.1434,-0.6131,0.0,0.0,0.0
2026-06-12T17:39:02.078,L,0.0,0.0,34.6,99.2,75.7,1.3167,-0.1429,-0.6093,0.0,0.0,0.0
2026-06-12T17:39:02.240,L,0.0,0.0,34.5,99.1,75.6,1.3178,-0.142,-0.6072,0.0,0.0,0.0
2026-06-12T17:39:02.402,L,0.0,0.0,34.3,98.9,75.5,1.3167,-0.1435,-0.6084,0.0,0.0,0.0
2026-06-12T17:39:02.564,L,0.0,0.0,34.5,98.5,75.4,1.3161,-0.1436,-0.608,0.0,0.0,0.0
2026-06-12T17:39:02.726,L,0.0,0.0,34.4,98.0,75.3,1.3147,-0.1443,-0.6066,0.0,0.0,0.0
2026-06-12T17:39:02.888,L,0.0,0.0,34.3,97.7,75.4,1.3145,-0.1449,-0.6061,0.0,0.0,0.0
2026-06-12T17:39:03.050,L,0.0,0.0,34.4,97.2,75.4,1.3196,-0.1447,-0.6054,0.0,0.0,0.0
2026-06-12T17:39:03.212,L,0.0,0.0,34.5,96.8,75.4,1.3169,-0.1488,-0.6117,0.0,0.0,0.0
2026-06-12T17:39:03.374,L,0.0,0.0,34.6,96.4,75.4,1.3121,-0.1493,-0.611,0.0,0.0,0.0
2026-06-12T17:39:03.536,L,0.0,0.0,34.7,96.1,75.5,1.3143,-0.1469,-0.607,0.0,0.0,0.0
2026-06-12T17:39:03.698,L,0.0,0.0,34.6,95.8,75.5,1.3135,-0.1486,-0.6068,0.0,0.0,0.0
2026-06-12T17:39:03.860,L,0.0,0.0,34.2,95.5,75.6,1.3142,-0.1485,-0.6083,0.0,0.0,0.0
2026-06-12T17:39:04.022,L,0.0,0.0,33.8,95.2,75.6,1.3175,-0.1483,-0.609,0.0,0.0,0.0
2026-06-12T17:39:04.184,L,0.0,0.0,33.4,95.0,75.6,1.315,-0.1511,-0.6105,0.0,0.0,0.0
2026-06-12T17:39:04.346,L,0.0,0.0,32.8,94.8,75.6,1.3118,-0.1518,-0.6121,0.0,0.0,0.0
2026-06-12T17:39:04.508,L,0.0,0.0,32.3,94.5,75.7,1.3125,-0.1535,-0.6116,0.0,0.0,0.0
2026-06-12T17:39:04.670,L,0.0,0.0,31.8,94.3,75.7,1.313,-0.1516,-0.6137,0.0,0.0,0.0
2026-06-12T17:39:04.832,L,0.0,0.0,31.3,94.1,75.8,1.3149,-0.1503,-0.6079,0.0,0.0,0.0
2026-06-12T17:39:04.994,L,0.0,0.0,30.9,93.8,75.8,1.315,-0.152,-0.612,0.0,0.0,0.0
2026-06-12T17:39:05.156,L,0.0,0.0,30.7,93.7,75.9,1.3129,-0.1526,-0.6096,0.0,0.0,0.0
2026-06-12T17:39:05.318,L,0.0,0.0,30.7,93.5,75.9,1.3116,-0.1549,-0.6098,0.0,0.0,0.0
2026-06-12T17:39:05.480,L,0.0,0.0,31.0,93.4,75.9,1.3124,-0.1561,-0.6095,0.0,0.0,0.0
2026-06-12T17:41:40.841,M,64.5,0.0,0.0,0.0,79.9,-0.5088,0.1934,-0.5507,0.0,0.0,0.0
2026-06-12T17:41:41.003,M,64.7,0.0,0.0,0.0,80.4,-0.5095,0.1936,-0.5487,0.0,0.0,0.0
2026-06-12T17:41:41.165,M,64.8,0.0,0.0,0.0,80.5,-0.5095,0.1933,-0.5483,0.0,0.0,0.0
2026-06-12T17:41:41.327,M,64.9,0.0,0.0,0.0,80.6,-0.5089,0.1943,-0.5479,0.0,0.0,0.0
2026-06-12T17:41:41.489,M,65.1,0.0,0.0,0.0,80.8,-0.5088,0.1947,-0.5483,0.0,0.0,0.0
2026-06-12T17:41:41.651,M,65.3,0.0,0.0,0.0,80.9,-0.5094,0.1951,-0.5494,0.0,0.0,0.0
2026-06-12T17:41:41.813,M,65.3,0.0,0.0,0.0,81.0,-0.5096,0.1958,-0.5488,0.0,0.0,0.0
2026-06-12T17:41:41.975,M,65.3,0.0,0.0,0.0,81.0,-0.5097,0.1966,-0.5493,0.0,0.0,0.0
2026-06-12T17:41:42.137,M,65.3,0.0,0.0,0.0,81.1,-0.5095,0.1986,-0.5513,0.0,0.0,0.0
2026-06-12T17:41:42.299,M,65.3,0.0,0.0,0.0,81.2,-0.5103,0.2004,-0.5499,0.0,0.0,0.0
2026-06-12T17:41:42.461,M,65.4,0.0,0.0,0.0,81.3,-0.5098,0.2009,-0.5509,0.0,0.0,0.0
2026-06-12T17:41:42.623,M,65.5,0.0,0.0,0.0,81.3,-0.5094,0.201,-0.5481,0.0,0.0,0.0
2026-06-12T17:41:42.785,M,65.6,0.0,0.0,0.0,81.3,-0.5074,0.2017,-0.5474,0.0,0.0,0.0
2026-06-12T17:41:42.947,M,65.8,0.0,0.0,0.0,81.4,-0.5074,0.202,-0.5457,0.0,0.0,0.0
2026-06-12T17:41:43.109,M,65.8,0.0,0.0,0.0,81.4,-0.5082,0.2004,-0.5418,0.0,0.0,0.0
2026-06-12T17:41:43.271,M,65.8,0.0,0.0,0.0,81.4,-0.5045,0.1996,-0.5411,0.0,0.0,0.0
2026-06-12T17:41:43.433,M,65.8,0.0,0.0,0.0,81.4,-0.5072,0.2024,-0.5423,0.0,0.0,0.0
2026-06-12T17:41:43.595,M,65.9,0.0,0.0,0.0,81.4,-0.5047,0.2032,-0.5421,0.0,0.0,0.0
2026-06-12T17:41:43.757,M,65.9,0.0,0.0,0.0,81.4,-0.5045,0.2005,-0.5356,0.0,0.0,0.0
2026-06-12T17:41:43.919,M,66.0,0.0,0.0,0.0,81.4,-0.5059,0.2026,-0.5404,0.0,0.0,0.0
2026-06-12T17:41:44.081,M,65.7,0.0,0.0,0.0,81.4,-0.5058,0.2008,-0.5397,0.0,0.0,0.0
2026-06-12T17:41:44.243,M,65.3,0.0,0.0,0.0,81.4,-0.5063,0.1976,-0.5361,0.0,0.0,0.0
2026-06-12T17:41:44.405,M,64.9,0.0,0.0,0.0,81.3,-0.506,0.2024,-0.5411,0.0,0.0,0.0
2026-06-12T17:41:44.567,M,64.6,0.0,0.0,0.0,81.3,-0.5063,0.1992,-0.537,0.0,0.0,0.0
2026-06-12T17:41:44.729,M,64.2,0.0,0.0,0.0,81.3,-0.5076,0.1996,-0.5353,0.0,0.0,0.0
2026-06-12T17:41:44.891,M,63.9,0.0,0.0,0.0,81.2,-0.5061,0.204,-0.5426,0.0,0.0,0.0
2026-06-12T17:41:45.053,M,63.8,0.0,0.0,0.0,80.9,-0.5054,0.2001,-0.538,0.0,0.0,0.0
2026-06-12T17:41:45.215,M,63.4,0.0,0.0,0.0,80.7,-0.51,0.2015,-0.5356,0.0,0.0,0.0
2026-06-12T17:41:45.377,M,63.0,0.0,0.0,0.0,80.4,-0.505,0.2037,-0.5413,0.0,0.0,0.0
2026-06-12T17:41:45.539,M,62.6,0.0,0.0,0.0,80.4,-0.5073,0.2,-0.5271,0.0,0.0,0.0
2026-06-12T17:41:45.701,M,62.5,0.0,0.0,0.0,80.5,-0.4978,0.2042,-0.5482,0.0,0.0,0.0
2026-06-12T17:41:45.863,M,62.4,0.0,0.0,0.0,80.6,-0.4997,0.204,-0.545,0.0,0.0,0.0
2026-06-12T17:41:46.025,M,62.4,0.0,0.0,0.0,80.7,-0.5026,0.2009,-0.5377,0.0,0.0,0.0
2026-06-12T17:41:46.187,M,62.4,0.0,0.0,0.0,80.9,-0.503,0.2047,-0.5416,0.0,0.0,0.0
2026-06-12T17:41:46.349,M,62.6,0.0,0.0,0.0,81.0,-0.501,0.1995,-0.5381,0.0,0.0,0.0
2026-06-12T17:41:46.511,M,62.7,0.0,0.0,0.0,81.1,-0.5054,0.203,-0.5343,0.0,0.0,0.0
2026-06-12T17:41:46.673,M,62.8,0.0,0.0,0.0,81.2,-0.5024,0.2072,-0.5411,0.0,0.0,0.0
2026-06-12T17:41:46.835,M,63.0,0.0,0.0,0.0,81.2,-0.5018,0.2059,-0.5373,0.0,0.0,0.0
2026-06-12T17:41:46.997,M,63.2,0.0,0.0,0.0,81.0,-0.5034,0.2062,-0.5332,0.0,0.0,0.0
2026-06-12T17:41:47.159,M,63.4,0.0,0.0,0.0,80.9,-0.503,0.2097,-0.5379,0.0,0.0,0.0
2026-06-12T17:41:47.321,M,63.7,0.0,0.0,0.0,80.5,-0.5026,0.2064,-0.5302,0.0,0.0,0.0
2026-06-12T17:41:47.483,M,63.9,0.0,0.0,0.0,80.1,-0.501,0.2102,-0.5329,0.0,0.0,0.0
2026-06-12T17:41:47.645,M,63.9,0.0,0.0,0.0,79.6,-0.4993,0.2106,-0.5376,0.0,0.0,0.0
2026-06-12T17:41:47.807,M,63.9,0.0,0.0,0.0,79.1,-0.5038,0.2086,-0.5316,0.0,0.0,0.0
2026-06-12T17:41:47.969,M,64.0,0.0,0.0,0.0,78.6,-0.5015,0.2096,-0.5408,0.0,0.0,0.0
2026-06-12T17:41:48.131,M,64.0,0.0,0.0,0.0,78.2,-0.5019,0.2123,-0.5399,0.0,0.0,0.0
2026-06-12T17:41:48.293,M,63.9,0.0,0.0,0.0,77.7,-0.504,0.2119,-0.5348,0.0,0.0,0.0
2026-06-12T17:41:48.455,M,63.7,0.0,0.0,0.0,77.6,-0.5032,0.2188,-0.5382,0.0,0.0,0.0
2026-06-12T17:41:48.617,M,63.7,0.0,0.0,0.0,77.5,-0.5011,0.2184,-0.5362,0.0,0.0,0.0
2026-06-12T17:41:48.779,M,63.9,0.0,0.0,0.0,77.3,-0.5031,0.2189,-0.5308,0.0,0.0,0.0
2026-06-12T17:41:48.941,M,64.0,0.0,0.0,0.0,77.0,-0.5009,0.224,-0.5362,0.0,0.0,0.0
2026-06-12T17:41:49.103,M,64.2,0.0,0.0,0.0,77.0,-0.5008,0.2188,-0.5283,0.0,0.0,0.0
2026-06-12T17:41:49.265,M,64.5,0.0,0.0,0.0,77.0,-0.5014,0.2222,-0.5324,0.0,0.0,0.0
2026-06-12T17:41:49.427,M,64.8,0.0,0.0,0.0,76.9,-0.4973,0.2288,-0.5369,0.0,0.0,0.0
2026-06-12T17:41:49.589,M,64.8,0.0,0.0,0.0,76.4,-0.5013,0.2292,-0.5205,0.0,0.0,0.0
2026-06-12T17:41:49.751,M,65.1,0.0,0.0,0.0,75.8,-0.4984,0.2271,-0.5293,0.0,0.0,0.0
2026-06-12T17:41:49.913,M,65.4,0.0,0.0,0.0,75.1,-0.4989,0.2313,-0.5264,0.0,0.0,0.0
2026-06-12T17:41:50.075,M,65.9,0.0,0.0,0.0,74.3,-0.5003,0.2285,-0.5209,0.0,0.0,0.0
2026-06-12T17:41:50.237,M,66.2,0.0,0.0,0.0,73.3,-0.4987,0.2303,-0.5259,0.0,0.0,0.0
2026-06-12T17:41:50.399,M,66.3,0.0,0.0,0.0,72.4,-0.4991,0.2268,-0.5223,0.0,0.0,0.0
2026-06-12T17:41:50.561,M,66.3,0.0,0.0,0.0,71.1,-0.4999,0.2266,-0.5247,0.0,0.0,0.0
2026-06-12T17:41:50.723,M,66.3,0.0,0.0,0.0,71.0,-0.4984,0.2294,-0.5274,0.0,0.0,0.0
2026-06-12T17:44:03.728,N,97.0,2.8,0.0,74.1,77.9,-0.3915,0.184,-0.2742,0.0,0.0,0.0
2026-06-12T17:44:03.890,N,97.0,2.8,0.0,73.9,77.9,-0.3923,0.1836,-0.2735,0.0,0.0,0.0
2026-06-12T17:44:04.052,N,97.1,2.8,0.0,73.8,77.9,-0.3924,0.1835,-0.2745,0.0,0.0,0.0
2026-06-12T17:44:04.214,N,97.1,2.8,0.0,73.7,77.8,-0.393,0.1823,-0.2741,0.0,0.0,0.0
2026-06-12T17:44:04.376,N,97.0,0.0,0.0,73.7,77.7,-0.3926,0.183,-0.275,0.0,0.0,0.0
2026-06-12T17:44:04.538,N,97.1,0.0,0.0,73.7,77.7,-0.3931,0.1823,-0.2758,0.0,0.0,0.0
2026-06-12T17:44:04.700,N,97.0,0.0,0.0,73.7,77.7,-0.3939,0.1821,-0.2756,0.0,0.0,0.0
2026-06-12T17:44:04.862,N,97.0,0.0,0.0,73.6,77.7,-0.3932,0.1816,-0.2767,0.0,0.0,0.0
2026-06-12T17:44:05.024,N,97.1,0.0,0.0,73.6,77.7,-0.394,0.1812,-0.277,0.0,0.0,0.0
2026-06-12T17:44:05.186,N,97.1,0.0,0.0,73.7,77.5,-0.3942,0.1825,-0.2781,0.0,0.0,0.0
2026-06-12T17:44:05.348,N,97.0,0.0,0.0,73.7,77.5,-0.3951,0.1823,-0.2775,0.0,0.0,0.0
2026-06-12T17:44:05.510,N,96.9,0.0,0.0,73.7,77.5,-0.3953,0.1818,-0.2768,0.0,0.0,0.0
2026-06-12T17:44:05.672,N,96.8,0.0,0.0,73.7,77.5,-0.396,0.1834,-0.2767,0.0,0.0,0.0
2026-06-12T17:44:05.834,N,96.7,0.0,0.0,73.7,77.5,-0.3948,0.1814,-0.2766,0.0,0.0,0.0
2026-06-12T17:44:05.996,N,96.6,0.0,0.0,73.8,77.5,-0.3949,0.1807,-0.278,0.0,0.0,0.0
2026-06-12T17:44:06.158,N,96.5,0.0,0.0,73.8,77.4,-0.3957,0.181,-0.2775,0.0,0.0,0.0
2026-06-12T17:44:06.320,N,96.4,0.0,0.0,73.9,77.5,-0.3952,0.1826,-0.2792,0.0,0.0,0.0
2026-06-12T17:44:06.482,N,96.3,0.0,0.0,74.2,77.5,-0.3961,0.181,-0.279,0.0,0.0,0.0
2026-06-12T17:44:06.644,N,96.2,0.0,0.0,74.4,77.5,-0.3956,0.1825,-0.2815,0.0,0.0,0.0
2026-06-12T17:44:06.806,N,96.1,0.0,0.0,74.5,77.4,-0.3967,0.1827,-0.2818,0.0,0.0,0.0
2026-06-12T17:44:06.968,N,96.1,0.0,0.0,74.5,77.3,-0.3961,0.183,-0.2818,0.0,0.0,0.0
2026-06-12T17:44:07.130,N,96.1,0.0,0.0,74.6,77.3,-0.3976,0.1835,-0.2822,0.0,0.0,0.0
2026-06-12T17:44:07.292,N,96.0,0.0,0.0,74.8,77.2,-0.3979,0.1831,-0.2813,0.0,0.0,0.0
2026-06-12T17:44:07.454,N,96.0,0.0,0.0,75.0,77.2,-0.3979,0.1837,-0.2826,0.0,0.0,0.0
2026-06-12T17:44:07.616,N,96.0,3.1,0.0,75.1,77.2,-0.3973,0.1836,-0.2828,0.0,0.0,0.0
2026-06-12T17:44:07.778,N,96.0,3.1,0.0,75.2,77.1,-0.3967,0.1829,-0.2839,0.0,0.0,0.0
2026-06-12T17:44:07.940,N,96.1,3.1,0.0,75.3,77.1,-0.397,0.1844,-0.2827,0.0,0.0,0.0
2026-06-12T17:44:08.102,N,96.2,3.1,0.0,75.4,77.1,-0.3975,0.1837,-0.2838,0.0,0.0,0.0
2026-06-12T17:44:08.264,N,96.2,3.1,0.0,75.5,77.1,-0.3964,0.184,-0.2856,0.0,0.0,0.0
2026-06-12T17:44:08.426,N,96.3,3.1,0.0,75.5,77.1,-0.3957,0.1834,-0.2843,0.0,0.0,0.0
2026-06-12T17:44:08.588,N,96.4,3.8,0.0,75.5,77.1,-0.3948,0.1815,-0.2837,0.0,0.0,0.0
2026-06-12T17:44:08.750,N,96.4,3.8,0.0,75.5,77.1,-0.3951,0.1819,-0.2838,0.0,0.0,0.0
2026-06-12T17:44:08.912,N,96.5,4.9,0.0,75.5,77.1,-0.3958,0.1815,-0.2839,0.0,0.0,0.0
2026-06-12T17:44:09.074,N,96.5,4.9,0.0,75.5,77.1,-0.3952,0.1827,-0.2836,0.0,0.0,0.0
2026-06-12T17:44:09.236,N,96.6,4.9,0.0,75.4,77.2,-0.3953,0.1838,-0.2819,0.0,0.0,0.0
2026-06-12T17:44:09.398,N,96.6,5.6,0.0,75.5,77.3,-0.3955,0.1827,-0.2828,0.0,0.0,0.0
2026-06-12T17:44:09.560,N,96.6,5.6,0.0,75.6,77.3,-0.3951,0.1834,-0.2833,0.0,0.0,0.0
2026-06-12T17:44:09.722,N,96.6,5.8,0.0,75.7,77.3,-0.3947,0.1839,-0.2828,0.0,0.0,0.0
2026-06-12T17:44:09.884,N,96.6,4.8,0.0,75.7,77.3,-0.3938,0.1843,-0.2833,0.0,0.0,0.0
2026-06-12T17:44:10.046,N,96.5,5.9,0.0,75.6,77.3,-0.3953,0.1842,-0.2827,0.0,0.0,0.0
2026-06-12T17:44:10.208,N,96.4,5.9,0.0,75.5,77.3,-0.3957,0.1847,-0.2834,0.0,0.0,0.0
2026-06-12T17:44:10.370,N,96.4,5.9,0.0,75.5,77.2,-0.3952,0.1855,-0.2837,0.0,0.0,0.0
2026-06-12T17:44:10.532,N,96.4,5.9,0.0,75.4,77.2,-0.3958,0.1856,-0.2831,0.0,0.0,0.0
2026-06-12T17:44:10.694,N,96.4,5.9,0.0,75.2,77.2,-0.3952,0.1855,-0.2839,0.0,0.0,0.0
2026-06-12T17:44:10.856,N,96.4,4.7,0.0,75.2,77.3,-0.3947,0.1862,-0.283,0.0,0.0,0.0
2026-06-12T17:44:11.018,N,96.4,4.7,0.0,75.0,77.4,-0.3943,0.1844,-0.2817,0.0,0.0,0.0
2026-06-12T17:44:11.180,N,96.3,4.7,0.0,74.9,77.3,-0.3928,0.1865,-0.2809,0.0,0.0,0.0
2026-06-12T17:44:11.342,N,96.1,4.7,0.0,74.5,77.3,-0.3938,0.1853,-0.2793,0.0,0.0,0.0
2026-06-12T17:44:11.504,N,96.0,4.7,0.0,74.1,77.2,-0.3948,0.188,-0.2805,0.0,0.0,0.0
2026-06-12T17:44:11.666,N,95.9,4.7,0.0,73.7,77.1,-0.394,0.1865,-0.2781,0.0,0.0,0.0
2026-06-12T17:44:11.828,N,95.7,4.0,0.0,73.4,77.2,-0.391,0.1896,-0.2816,0.0,0.0,0.0
2026-06-12T17:44:11.990,N,95.5,4.0,0.0,73.1,77.4,-0.3897,0.1914,-0.2768,0.0,0.0,0.0
2026-06-12T17:44:12.152,N,95.4,2.9,0.0,72.8,77.6,-0.3896,0.1917,-0.274,0.0,0.0,0.0
2026-06-12T17:44:12.314,N,95.2,2.9,0.0,72.5,77.6,-0.3902,0.1983,-0.2673,0.0,0.0,0.0
2026-06-12T17:44:12.476,N,95.1,2.9,0.0,72.2,77.9,-0.3843,0.199,-0.2719,0.0,0.0,0.0
2026-06-12T17:44:12.638,N,94.9,0.0,0.0,71.9,78.1,-0.384,0.2,-0.2581,0.0,0.0,0.0
2026-06-12T17:44:12.800,N,94.9,0.0,0.0,71.7,78.2,-0.3787,0.2005,-0.2609,0.0,0.0,0.0
2026-06-12T17:44:12.962,N,95.0,0.0,0.0,71.3,78.4,-0.3799,0.2073,-0.2602,0.0,0.0,0.0
2026-06-12T17:44:13.124,N,94.9,0.0,0.0,71.0,78.5,-0.376,0.2051,-0.2564,0.0,0.0,0.0
2026-06-12T17:44:13.286,N,94.8,0.0,0.0,70.8,78.7,-0.3721,0.2107,-0.2503,0.0,0.0,0.0
2026-06-12T17:44:13.448,N,94.6,0.0,0.0,70.4,78.8,-0.3688,0.2118,-0.2504,0.0,0.0,0.0
2026-06-12T17:44:13.610,N,94.5,0.0,0.0,70.1,78.9,-0.3641,0.2074,-0.2415,0.0,0.0,0.0
2026-06-12T17:48:08.839,P,70.5,0.0,0.0,0.0,81.0,1.3664,-0.0387,-0.9073,0.0,0.0,0.0
2026-06-12T17:48:09.001,P,70.5,0.0,0.0,0.0,80.6,1.3674,-0.0388,-0.9081,0.0,0.0,0.0
2026-06-12T17:48:09.163,P,70.5,0.0,0.0,0.0,79.4,1.3673,-0.0389,-0.911,0.0,0.0,0.0
2026-06-12T17:48:09.325,P,70.4,0.0,0.0,0.0,79.2,1.3663,-0.0407,-0.9125,0.0,0.0,0.0
2026-06-12T17:48:09.487,P,70.5,0.0,0.0,0.0,79.1,1.3659,-0.0399,-0.9137,0.0,0.0,0.0
2026-06-12T17:48:09.649,P,70.5,0.0,0.0,0.0,79.0,1.3659,-0.0402,-0.9141,0.0,0.0,0.0
2026-06-12T17:48:09.811,P,70.5,0.0,0.0,0.0,78.9,1.3672,-0.0386,-0.9146,0.0,0.0,0.0
2026-06-12T17:48:09.973,P,70.5,0.0,0.0,0.0,78.7,1.3663,-0.0377,-0.9144,0.0,0.0,0.0
2026-06-12T17:48:10.135,P,70.8,0.0,0.0,0.0,78.6,1.3655,-0.0381,-0.9174,0.0,0.0,0.0
2026-06-12T17:48:10.297,P,71.2,0.0,0.0,0.0,78.5,1.3628,-0.0379,-0.9192,0.0,0.0,0.0
2026-06-12T17:48:10.459,P,71.4,0.0,0.0,0.0,78.3,1.3618,-0.0384,-0.9227,0.0,0.0,0.0
2026-06-12T17:48:10.621,P,71.1,0.0,0.0,0.0,78.1,1.363,-0.0383,-0.9234,0.0,0.0,0.0
2026-06-12T17:48:10.783,P,71.1,0.0,0.0,0.0,77.9,1.3641,-0.039,-0.9236,0.0,0.0,0.0
2026-06-12T17:48:10.945,P,71.1,0.0,0.0,0.0,77.7,1.3646,-0.0382,-0.9229,0.0,0.0,0.0
2026-06-12T17:48:11.107,P,71.3,0.0,0.0,0.0,77.8,1.3652,-0.0395,-0.9212,0.0,0.0,0.0
2026-06-12T17:48:11.269,P,71.4,0.0,0.0,0.0,77.5,1.366,-0.0355,-0.9223,0.0,0.0,0.0
2026-06-12T17:48:11.431,P,71.5,0.0,0.0,0.0,77.2,1.3652,-0.0389,-0.9217,0.0,0.0,0.0
2026-06-12T17:48:11.593,P,71.7,0.0,0.0,0.0,77.0,1.3642,-0.0365,-0.9209,0.0,0.0,0.0
2026-06-12T17:48:11.755,P,71.5,0.0,0.0,0.0,76.9,1.363,-0.0377,-0.9206,0.0,0.0,0.0
2026-06-12T17:48:11.917,P,71.2,0.0,0.0,0.0,76.9,1.3644,-0.037,-0.9218,0.0,0.0,0.0
2026-06-12T17:48:12.079,P,71.0,0.0,0.0,0.0,76.9,1.3704,-0.0408,-0.923,0.0,0.0,0.0
2026-06-12T17:48:12.241,P,71.4,0.0,0.0,0.0,76.7,1.3713,-0.0404,-0.9205,0.0,0.0,0.0
2026-06-12T17:48:12.403,P,71.7,0.0,0.0,2.8,76.6,1.3688,-0.0406,-0.9183,0.0,0.0,0.0
2026-06-12T17:48:12.565,P,72.1,0.0,0.0,2.9,76.5,1.3695,-0.0412,-0.9161,0.0,0.0,0.0
2026-06-12T17:48:12.727,P,72.1,0.0,0.0,2.8,76.7,1.3691,-0.0372,-0.9159,0.0,0.0,0.0
2026-06-12T17:48:12.889,P,72.1,0.0,0.0,2.8,76.9,1.3709,-0.0366,-0.9107,0.0,0.0,0.0
2026-06-12T17:48:13.051,P,72.2,0.0,0.0,2.8,77.4,1.371,-0.0344,-0.9092,0.0,0.0,0.0
2026-06-12T17:48:13.213,P,72.3,0.0,0.0,2.6,78.6,1.3715,-0.0327,-0.9078,0.0,0.0,0.0
2026-06-12T17:48:13.375,P,72.5,0.0,0.0,0.0,78.7,1.3701,-0.0313,-0.9107,0.0,0.0,0.0
2026-06-12T17:48:13.537,P,72.7,0.0,0.0,0.0,78.9,1.3714,-0.0311,-0.9078,0.0,0.0,0.0
2026-06-12T17:48:13.699,P,72.7,0.0,0.0,0.0,78.7,1.3707,-0.0285,-0.9091,0.0,0.0,0.0
2026-06-12T17:48:13.861,P,72.8,0.0,0.0,0.0,78.7,1.37,-0.0276,-0.9091,0.0,0.0,0.0
2026-06-12T17:48:14.023,P,72.8,0.0,0.0,0.0,78.7,1.3686,-0.0268,-0.9106,0.0,0.0,0.0
2026-06-12T17:48:14.185,P,72.7,0.0,0.0,0.0,78.8,1.37,-0.025,-0.9112,0.0,0.0,0.0
2026-06-12T17:48:14.347,P,72.4,0.0,0.0,0.0,78.9,1.3708,-0.0257,-0.9099,0.0,0.0,0.0
2026-06-12T17:48:14.509,P,72.2,0.0,0.0,0.0,79.2,1.3694,-0.0229,-0.9096,0.0,0.0,0.0
2026-06-12T17:48:14.671,P,72.1,0.0,0.0,0.0,79.6,1.369,-0.0234,-0.9077,0.0,0.0,0.0
2026-06-12T17:48:14.833,P,71.7,0.0,0.0,0.0,80.0,1.3703,-0.0221,-0.9078,0.0,0.0,0.0
2026-06-12T17:48:14.995,P,71.5,0.0,0.0,0.0,80.5,1.3685,-0.0226,-0.9066,0.0,0.0,0.0
2026-06-12T17:48:15.157,P,71.5,0.0,0.0,0.0,80.9,1.3702,-0.0222,-0.9052,0.0,0.0,0.0
2026-06-12T17:48:15.319,P,71.4,0.0,0.0,0.0,81.5,1.3698,-0.0212,-0.9063,0.0,0.0,0.0
2026-06-12T17:48:15.481,P,71.4,0.0,0.0,0.0,81.8,1.3701,-0.0211,-0.9074,0.0,0.0,0.0
2026-06-12T17:48:15.643,P,71.4,0.0,0.0,0.0,81.8,1.3705,-0.021,-0.9085,0.0,0.0,0.0
2026-06-12T17:48:15.805,P,71.4,0.0,0.0,0.0,81.8,1.3692,-0.0204,-0.9063,0.0,0.0,0.0
2026-06-12T17:48:15.967,P,71.5,0.0,0.0,0.0,81.6,1.3705,-0.0199,-0.9037,0.0,0.0,0.0
2026-06-12T17:48:16.129,P,71.5,0.0,0.0,0.0,81.3,1.3701,-0.0192,-0.9018,0.0,0.0,0.0
2026-06-12T17:48:16.291,P,71.4,0.0,0.0,0.0,81.0,1.3724,-0.0161,-0.8963,0.0,0.0,0.0
2026-06-12T17:48:16.453,P,71.4,0.0,0.0,0.0,80.3,1.3705,-0.0137,-0.8992,0.0,0.0,0.0
2026-06-12T17:48:16.615,P,71.8,0.0,0.0,0.0,80.0,1.37,-0.0107,-0.9028,0.0,0.0,0.0
2026-06-12T17:48:16.777,P,72.3,0.0,0.0,0.0,79.7,1.3707,-0.0092,-0.901,0.0,0.0,0.0
2026-06-12T17:48:16.939,P,72.9,0.0,0.0,0.0,79.5,1.3703,-0.0106,-0.9023,0.0,0.0,0.0
2026-06-12T17:48:17.101,P,73.4,0.0,0.0,0.0,79.0,1.3709,-0.0101,-0.8992,0.0,0.0,0.0
2026-06-12T17:48:17.263,P,73.7,0.0,0.0,0.0,78.6,1.3691,-0.0093,-0.904,0.0,0.0,0.0
2026-06-12T17:48:17.425,P,74.2,0.0,0.0,0.0,78.3,1.3672,-0.0063,-0.908,0.0,0.0,0.0
2026-06-12T17:48:17.587,P,74.7,0.0,0.0,0.0,78.0,1.3685,-0.0064,-0.908,0.0,0.0,0.0
2026-06-12T17:48:17.749,P,75.3,0.0,0.0,0.0,78.0,1.3688,-0.0046,-0.9085,0.0,0.0,0.0
2026-06-12T17:48:17.911,P,76.1,0.0,0.0,0.0,78.1,1.3697,-0.0034,-0.906,0.0,0.0,0.0
2026-06-12T17:48:18.073,P,76.8,0.0,0.0,0.0,78.2,1.3693,-0.0018,-0.9089,0.0,0.0,0.0
2026-06-12T17:48:18.235,P,77.0,0.0,0.0,0.0,78.1,1.3686,0.0011,-0.9103,0.0,0.0,0.0
2026-06-12T17:48:18.397,P,77.1,0.0,0.0,0.0,78.0,1.3688,0.0002,-0.9071,0.0,0.0,0.0
2026-06-12T17:48:18.559,P,77.1,0.0,0.0,0.0,77.9,1.3693,0.0015,-0.9086,0.0,0.0,0.0
2026-06-12T17:48:18.721,P,77.2,0.0,0.0,0.0,77.9,1.3692,-0.0023,-0.9041,0.0,0.0,0.0
2026-06-12T17:48:18.883,P,77.1,0.0,0.0,0.0,77.8,1.3716,-0.0085,-0.8926,0.0,0.0,0.0
2026-06-12T17:49:14.612,Q,54.6,34.2,74.4,75.0,86.2,0.4674,0.5004,-1.815,0.0,0.0,0.0
2026-06-12T17:49:14.774,Q,55.5,34.2,75.0,75.2,86.6,0.4637,0.5004,-1.816,0.0,0.0,0.0
2026-06-12T17:49:14.936,Q,57.0,34.2,75.4,75.3,86.8,0.4611,0.4998,-1.8166,0.0,0.0,0.0
2026-06-12T17:49:15.098,Q,58.4,34.2,75.9,75.3,87.4,0.4591,0.5007,-1.816,0.0,0.0,0.0
2026-06-12T17:49:15.260,Q,59.1,34.2,76.3,75.5,88.0,0.4572,0.5,-1.8176,0.0,0.0,0.0
2026-06-12T17:49:15.422,Q,59.8,34.1,76.8,75.4,88.4,0.4552,0.5001,-1.8164,0.0,0.0,0.0
2026-06-12T17:49:15.584,Q,59.1,34.2,77.1,75.4,88.5,0.4539,0.5022,-1.8155,0.0,0.0,0.0
2026-06-12T17:49:15.746,Q,59.5,34.2,76.5,75.4,88.6,0.4535,0.5024,-1.8157,0.0,0.0,0.0
2026-06-12T17:49:15.908,Q,58.2,34.3,75.9,75.7,88.8,0.454,0.5029,-1.8138,0.0,0.0,0.0
2026-06-12T17:49:16.070,Q,58.3,34.5,75.3,76.1,89.0,0.4543,0.5027,-1.8131,0.0,0.0,0.0
2026-06-12T17:49:16.232,Q,58.8,34.6,74.9,76.4,89.2,0.4531,0.5046,-1.8154,0.0,0.0,0.0
2026-06-12T17:49:16.394,Q,59.4,34.6,74.6,76.8,89.6,0.4552,0.5024,-1.8155,0.0,0.0,0.0
2026-06-12T17:49:16.556,Q,59.9,34.7,74.0,77.2,90.2,0.454,0.5006,-1.8167,0.0,0.0,0.0
2026-06-12T17:49:16.718,Q,60.2,34.9,74.0,77.6,91.0,0.4573,0.5017,-1.8151,0.0,0.0,0.0
2026-06-12T17:49:16.880,Q,60.3,34.9,73.3,78.0,91.5,0.4564,0.5013,-1.8159,0.0,0.0,0.0
2026-06-12T17:49:17.042,Q,60.3,34.9,73.9,78.0,92.0,0.457,0.5031,-1.8178,0.0,0.0,0.0
2026-06-12T17:49:17.204,Q,61.0,34.9,74.2,78.4,92.5,0.457,0.5029,-1.8173,0.0,0.0,0.0
2026-06-12T17:49:17.366,Q,62.2,34.9,74.0,78.8,92.9,0.4585,0.5025,-1.8165,0.0,0.0,0.0
2026-06-12T17:49:17.528,Q,62.6,34.9,73.7,79.2,93.3,0.4605,0.5039,-1.8158,0.0,0.0,0.0
2026-06-12T17:49:17.690,Q,63.1,34.8,73.6,79.5,93.9,0.4599,0.5031,-1.817,0.0,0.0,0.0
2026-06-12T17:49:17.852,Q,63.3,34.8,73.9,79.9,94.3,0.461,0.5025,-1.8163,0.0,0.0,0.0
2026-06-12T17:49:18.014,Q,63.3,34.7,74.1,80.2,94.7,0.4601,0.5041,-1.8163,0.0,0.0,0.0
2026-06-12T17:49:18.176,Q,63.6,34.7,73.8,80.7,94.9,0.4625,0.5032,-1.8161,0.0,0.0,0.0
2026-06-12T17:49:18.338,Q,63.3,34.7,73.4,80.4,95.2,0.4637,0.503,-1.8149,0.0,0.0,0.0
2026-06-12T17:49:18.500,Q,64.1,34.5,73.3,80.5,95.6,0.463,0.5035,-1.8143,0.0,0.0,0.0
2026-06-12T17:49:18.662,Q,65.0,34.4,73.4,80.5,95.8,0.4635,0.5034,-1.8159,0.0,0.0,0.0
2026-06-12T17:49:18.824,Q,65.4,34.2,72.6,80.3,96.1,0.4635,0.5042,-1.8161,0.0,0.0,0.0
2026-06-12T17:49:18.986,Q,65.0,34.1,71.7,80.4,96.4,0.4633,0.5034,-1.8158,0.0,0.0,0.0
2026-06-12T17:49:19.148,Q,65.7,33.9,70.8,80.4,96.5,0.4641,0.5032,-1.8166,0.0,0.0,0.0
2026-06-12T17:49:19.310,Q,66.5,33.8,69.9,80.4,96.7,0.4653,0.5031,-1.8157,0.0,0.0,0.0
2026-06-12T17:49:19.472,Q,67.0,33.6,69.0,80.7,96.8,0.466,0.5038,-1.8172,0.0,0.0,0.0
2026-06-12T17:49:19.634,Q,67.7,33.5,68.1,80.9,96.9,0.4666,0.5045,-1.8163,0.0,0.0,0.0
2026-06-12T17:49:19.796,Q,68.2,33.4,68.4,81.0,97.0,0.4682,0.5038,-1.8157,0.0,0.0,0.0
2026-06-12T17:49:19.958,Q,69.3,33.2,68.5,80.9,97.1,0.4679,0.5041,-1.815,0.0,0.0,0.0
2026-06-12T17:49:20.120,Q,69.7,33.1,68.5,80.3,97.1,0.467,0.5038,-1.8177,0.0,0.0,0.0
2026-06-12T17:49:20.282,Q,70.0,33.0,68.5,79.8,97.1,0.4699,0.5031,-1.8173,0.0,0.0,0.0
2026-06-12T17:49:20.444,Q,71.0,32.8,68.3,79.3,97.1,0.4749,0.5017,-1.8121,0.0,0.0,0.0
2026-06-12T17:49:20.606,Q,71.0,32.7,68.0,78.8,97.2,0.4735,0.5056,-1.8103,0.0,0.0,0.0
2026-06-12T17:49:20.768,Q,70.8,32.6,67.8,78.5,97.2,0.4756,0.5072,-1.8122,0.0,0.0,0.0
2026-06-12T17:49:20.930,Q,70.5,32.6,67.5,78.3,97.1,0.4766,0.5078,-1.8159,0.0,0.0,0.0
2026-06-12T17:49:21.092,Q,70.5,32.5,67.1,78.2,97.0,0.4783,0.5096,-1.8115,0.0,0.0,0.0
2026-06-12T17:49:21.254,Q,70.6,32.5,66.9,78.0,97.0,0.4783,0.5107,-1.808,0.0,0.0,0.0
2026-06-12T17:49:21.416,Q,70.2,32.5,66.8,77.7,96.9,0.4776,0.5195,-1.7953,0.0,0.0,0.0
2026-06-12T17:49:21.578,Q,70.4,32.5,66.7,77.3,96.9,0.4791,0.5182,-1.7984,0.0,0.0,0.0
2026-06-12T17:49:21.740,Q,70.0,32.6,66.7,77.0,96.9,0.4791,0.5195,-1.8015,0.0,0.0,0.0
2026-06-12T17:49:21.902,Q,68.8,32.6,66.7,76.6,96.9,0.4754,0.5233,-1.8027,0.0,0.0,0.0
2026-06-12T17:49:22.064,Q,68.2,32.7,66.7,76.4,96.9,0.4764,0.521,-1.803,0.0,0.0,0.0
2026-06-12T17:49:22.226,Q,67.5,32.8,66.6,76.1,96.9,0.4762,0.52,-1.8048,0.0,0.0,0.0
2026-06-12T17:49:22.388,Q,67.8,32.9,66.5,75.9,97.0,0.4772,0.5178,-1.807,0.0,0.0,0.0
2026-06-12T17:49:22.550,Q,68.7,33.0,66.3,75.5,97.0,0.4778,0.5158,-1.8072,0.0,0.0,0.0
2026-06-12T17:49:22.712,Q,69.5,33.2,65.9,74.9,97.0,0.4781,0.5132,-1.805,0.0,0.0,0.0
2026-06-12T17:49:22.874,Q,70.3,33.4,65.8,74.5,96.9,0.4783,0.5136,-1.8073,0.0,0.0,0.0
2026-06-12T17:49:23.036,Q,71.0,33.5,65.5,73.8,96.9,0.4765,0.5121,-1.8083,0.0,0.0,0.0
2026-06-12T17:49:23.199,Q,71.8,33.7,65.3,73.2,96.8,0.4761,0.5105,-1.8092,0.0,0.0,0.0
2026-06-12T17:49:23.360,Q,73.0,33.7,65.0,72.4,96.8,0.4761,0.5095,-1.8097,0.0,0.0,0.0
2026-06-12T17:49:23.522,Q,75.1,33.9,64.9,72.0,96.7,0.4753,0.5094,-1.8108,0.0,0.0,0.0
2026-06-12T17:49:23.684,Q,75.9,34.0,64.8,71.5,96.7,0.4751,0.5079,-1.813,0.0,0.0,0.0
2026-06-12T17:49:23.846,Q,77.8,34.1,65.0,71.0,96.6,0.4742,0.5064,-1.8121,0.0,0.0,0.0
2026-06-12T17:49:24.009,Q,78.8,34.1,65.3,70.6,96.5,0.4758,0.5055,-1.8103,0.0,0.0,0.0
2026-06-12T17:49:24.170,Q,79.1,34.1,65.6,70.5,96.4,0.4732,0.5051,-1.8124,0.0,0.0,0.0
2026-06-12T17:49:24.332,Q,79.3,34.2,65.5,70.5,96.4,0.4748,0.5056,-1.8096,0.0,0.0,0.0
2026-06-12T17:49:24.495,Q,79.6,34.1,65.0,70.7,96.4,0.4731,0.5036,-1.8167,0.0,0.0,0.0
2026-06-12T17:49:24.656,Q,80.0,34.1,64.7,70.5,96.3,0.4736,0.5024,-1.8102,0.0,0.0,0.0
