Pulgar (Flexión 0-100),Índice (Flexión 0-100),Corazón (Flexión 0-100),Anular (Flexión 0-100),Meñique (Flexión 0-100),AX (Acelerómetro X en Gs),AY (Acelerómetro Y en Gs),AZ (Acelerómetro Z en Gs),GX (Giroscopio X en grados/seg),GY (Giroscopio Y en grados/seg),GZ (Giroscopio Z en grados/seg),Letra
67.9,0.0,0.0,0.0,0.0,0.1695,0.9854,0.071,0.0,0.0,0.0,B
67.8,0.0,0.0,0.0,0.0,0.168,0.9865,0.0728,0.0,0.0,0.0,B
67.6,0.0,0.0,0.0,0.0,0.1677,0.9864,0.0755,0.0,0.0,0.0,B
67.4,0.0,0.0,0.0,0.0,0.1683,0.9861,0.0769,0.0,0.0,0.0,B
67.5,0.0,0.0,0.0,0.0,0.1682,0.987,0.0782,0.0,0.0,0.0,B
67.5,0.0,0.0,0.0,0.0,0.1678,0.9876,0.0781,0.0,0.0,0.0,B
66.9,0.0,0.0,0.0,0.0,0.1677,0.9878,0.0792,0.0,0.0,0.0,B
66.9,0.0,0.0,0.0,0.0,0.168,0.9877,0.0812,0.0,0.0,0.0,B
66.7,0.0,0.0,0.0,0.0,0.1669,0.9893,0.0824,0.0,0.0,0.0,B
66.4,0.0,0.0,0.0,0.0,0.1674,0.9889,0.0829,0.0,0.0,0.0,B
66.2,0.0,0.0,0.0,0.0,0.1667,0.9903,0.0828,0.0,0.0,0.0,B
66.1,0.0,0.0,0.0,0.0,0.1658,0.9902,0.0828,0.0,0.0,0.0,B
66.2,0.0,0.0,0.0,0.0,0.1656,0.989,0.0831,0.0,0.0,0.0,B
66.2,0.0,0.0,0.0,0.0,0.1655,0.9889,0.0828,0.0,0.0,0.0,B
66.3,0.0,0.0,0.0,0.0,0.166,0.9887,0.0843,0.0,0.0,0.0,B
66.3,0.0,0.0,0.0,0.1,0.1664,0.9887,0.0857,0.0,0.0,0.0,B
66.2,0.0,0.0,0.0,0.2,0.1666,0.9885,0.0857,0.0,0.0,0.0,B
66.1,0.0,0.0,0.0,0.3,0.1662,0.9882,0.085,0.0,0.0,0.0,B
66.2,0.0,0.0,0.0,0.4,0.1653,0.9875,0.085,0.0,0.0,0.0,B
66.3,0.0,0.0,0.0,0.3,0.1603,0.9901,0.084,0.0,0.0,0.0,B
66.4,0.0,0.0,0.0,0.2,0.1556,0.9915,0.0825,0.0,0.0,0.0,B
66.5,0.0,0.0,0.0,0.3,0.154,0.9903,0.0815,0.0,0.0,0.0,B
66.6,0.0,0.0,0.0,0.2,0.1501,0.9916,0.0823,0.0,0.0,0.0,B
66.7,0.0,0.0,0.0,0.1,0.1491,0.9898,0.0815,0.0,0.0,0.0,B
66.8,0.0,0.0,0.0,0.5,0.147,0.99,0.0793,0.0,0.0,0.0,B
67.0,0.0,0.0,0.0,1.0,0.142,0.9922,0.0779,0.0,0.0,0.0,B
67.5,0.0,0.0,0.0,1.3,0.1385,0.9916,0.0763,0.0,0.0,0.0,B
67.7,0.0,0.0,0.0,1.4,0.1359,0.992,0.0738,0.0,0.0,0.0,B
67.9,0.0,0.0,0.0,0.8,0.1365,0.9859,0.0667,0.0,0.0,0.0,B
67.9,0.0,0.0,0.0,0.5,0.1331,0.9858,0.0675,0.0,0.0,0.0,B
67.9,0.0,0.0,0.0,0.2,0.1171,0.9864,0.0619,0.0,0.0,0.0,B
67.5,0.0,0.0,0.0,0.1,0.0976,0.9841,0.058,0.0,0.0,0.0,B
67.5,0.0,0.0,0.0,0.1,0.0804,0.9859,0.0584,0.0,0.0,0.0,B
67.0,0.0,0.0,0.0,0.1,0.063,0.9926,0.054,0.0,0.0,0.0,B
67.1,0.0,0.0,0.0,0.0,0.0543,0.9937,0.0491,0.0,0.0,0.0,B
67.3,0.0,0.0,0.0,0.0,0.0491,0.9979,0.0488,0.0,0.0,0.0,B
67.3,0.0,0.0,0.0,0.0,0.0488,0.9961,0.0501,0.0,0.0,0.0,B
67.7,0.0,0.0,0.0,0.0,0.0474,0.9987,0.0519,0.0,0.0,0.0,B
68.0,0.0,0.0,0.0,0.0,0.0459,0.998,0.0508,0.0,0.0,0.0,B
68.3,0.0,0.0,0.0,0.0,0.0427,0.9969,0.0513,0.0,0.0,0.0,B
68.3,0.0,0.0,0.0,0.1,0.0367,0.9949,0.0548,0.0,0.0,0.0,B
68.0,0.0,0.0,0.0,0.1,0.0278,0.9971,0.0535,0.0,0.0,0.0,B
68.1,0.0,0.0,0.0,0.0,0.0204,0.9982,0.0546,0.0,0.0,0.0,B
68.2,0.0,0.0,0.0,0.0,0.0099,0.9954,0.0629,0.0,0.0,0.0,B
68.1,0.0,0.0,0.0,0.0,0.002,0.9958,0.0653,0.0,0.0,0.0,B
68.4,0.0,0.0,0.0,0.0,-0.0023,0.9967,0.0676,0.0,0.0,0.0,B
68.9,0.0,0.0,0.0,0.0,-0.0074,0.9924,0.0739,0.0,0.0,0.0,B
68.5,0.0,0.0,0.0,0.0,-0.0123,0.9953,0.0724,0.0,0.0,0.0,B
68.2,0.0,0.0,0.0,0.0,-0.0173,0.9982,0.0737,0.0,0.0,0.0,B
68.3,0.0,0.0,0.0,0.0,-0.02,0.996,0.0752,0.0,0.0,0.0,B
68.3,0.0,0.0,0.0,0.0,-0.0187,0.9947,0.0765,0.0,0.0,0.0,B
68.4,0.0,0.0,0.0,0.0,-0.0196,0.996,0.0776,0.0,0.0,0.0,B
68.5,0.0,0.0,0.0,0.0,-0.0187,0.9955,0.0802,0.0,0.0,0.0,B
68.6,0.0,0.0,0.0,0.0,-0.018,0.9955,0.0801,0.0,0.0,0.0,B
68.7,0.0,0.0,0.0,0.0,-0.019,0.9972,0.0807,0.0,0.0,0.0,B
68.9,0.0,0.0,0.0,0.0,-0.0172,0.9961,0.0809,0.0,0.0,0.0,B
69.1,0.0,0.0,0.0,0.0,-0.0174,0.9966,0.0808,0.0,0.0,0.0,B
69.4,0.0,0.0,0.0,0.0,-0.0171,0.9963,0.0815,0.0,0.0,0.0,B
69.7,0.0,0.0,0.0,0.1,-0.0167,0.9957,0.0803,0.0,0.0,0.0,B
13.1,72.5,71.0,57.5,28.7,0.5819,-0.2497,0.8323,0.0,0.0,0.0,C
13.4,72.6,71.0,58.7,28.7,0.5814,-0.2506,0.8335,0.0,0.0,0.0,C
13.7,72.7,71.0,60.1,28.0,0.5818,-0.251,0.833,0.0,0.0,0.0,C
14.0,72.8,70.8,61.2,28.4,0.5814,-0.2528,0.833,0.0,0.0,0.0,C
14.0,72.9,70.3,62.2,28.5,0.5812,-0.2534,0.8331,0.0,0.0,0.0,C
13.2,73.0,70.1,63.2,28.7,0.5815,-0.2536,0.8324,0.0,0.0,0.0,C
13.5,73.1,70.2,63.7,28.4,0.5811,-0.2537,0.8329,0.0,0.0,0.0,C
13.9,73.2,70.4,64.4,21.6,0.581,-0.2531,0.8327,0.0,0.0,0.0,C
14.2,73.2,70.6,65.1,22.8,0.581,-0.2534,0.833,0.0,0.0,0.0,C
14.4,73.2,70.7,65.9,23.9,0.5809,-0.2526,0.8332,0.0,0.0,0.0,C
14.2,73.0,70.8,67.1,24.4,0.5806,-0.2536,0.834,0.0,0.0,0.0,C
14.3,73.0,70.9,68.1,25.0,0.5806,-0.2533,0.8347,0.0,0.0,0.0,C
14.4,73.0,71.1,69.2,25.5,0.5806,-0.2527,0.8347,0.0,0.0,0.0,C
14.4,73.0,71.2,70.0,25.8,0.5806,-0.2542,0.8342,0.0,0.0,0.0,C
14.3,73.1,71.3,70.2,26.1,0.5802,-0.255,0.8349,0.0,0.0,0.0,C
13.1,73.0,71.4,70.5,26.2,0.5804,-0.255,0.8336,0.0,0.0,0.0,C
13.1,73.0,71.5,70.8,25.8,0.5799,-0.2555,0.8343,0.0,0.0,0.0,C
13.2,72.8,71.7,70.6,24.6,0.5801,-0.2551,0.834,0.0,0.0,0.0,C
13.4,72.7,71.8,70.3,24.9,0.5801,-0.256,0.8338,0.0,0.0,0.0,C
13.5,72.8,71.9,65.3,25.7,0.5795,-0.2566,0.8346,0.0,0.0,0.0,C
13.6,72.8,72.1,64.6,26.2,0.5793,-0.2542,0.8347,0.0,0.0,0.0,C
13.6,72.9,71.9,63.5,26.7,0.5787,-0.2556,0.8348,0.0,0.0,0.0,C
13.8,73.0,71.3,63.5,27.0,0.5792,-0.2549,0.8344,0.0,0.0,0.0,C
13.9,73.0,71.1,63.7,27.2,0.5791,-0.2544,0.8338,0.0,0.0,0.0,C
14.1,73.1,71.0,64.1,27.5,0.5787,-0.255,0.8352,0.0,0.0,0.0,C
14.2,73.1,71.0,64.3,27.8,0.5786,-0.2548,0.8347,0.0,0.0,0.0,C
14.4,73.1,71.0,64.7,28.0,0.5784,-0.2539,0.8359,0.0,0.0,0.0,C
14.4,73.2,71.1,64.8,28.2,0.5782,-0.2533,0.8357,0.0,0.0,0.0,C
14.4,73.2,71.1,65.1,28.6,0.5783,-0.2534,0.8351,0.0,0.0,0.0,C
14.4,73.3,71.1,65.3,28.7,0.5781,-0.253,0.8358,0.0,0.0,0.0,C
14.4,73.3,71.1,65.6,29.0,0.5779,-0.254,0.8357,0.0,0.0,0.0,C
14.4,73.3,71.2,67.0,28.4,0.5831,-0.2546,0.8335,0.0,0.0,0.0,C
14.5,73.4,71.2,67.7,28.7,0.6009,-0.2461,0.8172,0.0,0.0,0.0,C
14.6,73.4,71.2,68.9,29.1,0.6159,-0.2412,0.8081,0.0,0.0,0.0,C
13.1,73.5,71.1,69.7,25.6,0.6292,-0.2412,0.7974,0.0,0.0,0.0,C
11.8,73.5,71.0,70.1,26.0,0.6391,-0.2386,0.7888,0.0,0.0,0.0,C
12.4,73.6,71.1,70.3,26.2,0.6463,-0.2389,0.7832,0.0,0.0,0.0,C
12.7,73.6,71.1,70.4,26.5,0.6513,-0.2391,0.7792,0.0,0.0,0.0,C
13.1,73.7,71.1,70.6,26.7,0.6559,-0.2395,0.7763,0.0,0.0,0.0,C
13.4,73.7,71.1,70.7,26.9,0.6583,-0.2425,0.7737,0.0,0.0,0.0,C
13.5,73.8,71.1,70.8,27.3,0.6609,-0.2438,0.7716,0.0,0.0,0.0,C
13.8,73.8,71.1,70.9,27.4,0.6629,-0.2447,0.7702,0.0,0.0,0.0,C
14.1,73.8,71.1,71.0,27.5,0.6642,-0.246,0.7686,0.0,0.0,0.0,C
14.3,73.9,71.1,71.1,27.6,0.6654,-0.248,0.7674,0.0,0.0,0.0,C
13.9,73.9,71.1,71.2,27.7,0.666,-0.248,0.7675,0.0,0.0,0.0,C
13.5,73.9,71.1,71.2,27.3,0.6667,-0.2482,0.7666,0.0,0.0,0.0,C
13.8,73.9,71.2,71.3,26.4,0.6674,-0.2498,0.7653,0.0,0.0,0.0,C
14.0,73.9,71.1,71.4,26.5,0.6678,-0.2495,0.7651,0.0,0.0,0.0,C
14.1,73.9,71.0,71.4,26.5,0.6677,-0.2509,0.7645,0.0,0.0,0.0,C
14.1,73.9,71.1,71.4,26.7,0.6674,-0.2517,0.7644,0.0,0.0,0.0,C
14.3,73.9,71.2,71.5,26.8,0.6678,-0.2502,0.7623,0.0,0.0,0.0,C
14.5,74.0,71.3,71.5,26.4,0.6646,-0.2508,0.7669,0.0,0.0,0.0,C
14.7,74.0,71.5,71.5,26.5,0.6623,-0.252,0.7697,0.0,0.0,0.0,C
14.8,74.0,71.7,71.6,26.2,0.6608,-0.2544,0.7696,0.0,0.0,0.0,C
14.7,74.0,71.8,71.6,26.3,0.6613,-0.2562,0.7665,0.0,0.0,0.0,C
14.5,74.0,71.8,71.6,26.5,0.6576,-0.2584,0.7708,0.0,0.0,0.0,C
15.5,74.0,72.0,71.6,27.0,0.6537,-0.2644,0.773,0.0,0.0,0.0,C
16.3,74.0,72.2,71.6,27.3,0.6514,-0.2683,0.7733,0.0,0.0,0.0,C
0.0,0.0,0.0,0.0,14.7,1.0059,-0.2081,0.0722,0.0,0.0,0.0,D
0.0,0.0,0.0,0.0,14.9,1.0057,-0.2088,0.0729,0.0,0.0,0.0,D
0.0,0.0,0.0,0.0,15.1,1.0048,-0.2141,0.0756,0.0,0.0,0.0,D
0.0,0.0,0.0,0.0,15.2,1.0045,-0.214,0.0753,0.0,0.0,0.0,D
0.0,0.0,0.0,0.0,15.4,1.0044,-0.2132,0.0807,0.0,0.0,0.0,D
0.0,0.0,0.0,0.0,15.5,1.0044,-0.2139,0.0842,0.0,0.0,0.0,D
0.0,0.0,0.0,0.0,15.6,1.004,-0.2136,0.0843,0.0,0.0,0.0,D
0.0,4.4,0.0,0.0,15.8,1.0046,-0.2149,0.088,0.0,0.0,0.0,D
0.0,8.0,0.0,0.0,15.4,1.0044,-0.2148,0.0886,0.0,0.0,0.0,D
0.0,10.8,0.0,0.0,15.3,1.0038,-0.2201,0.0931,0.0,0.0,0.0,D
0.0,13.1,0.0,0.0,14.9,1.0048,-0.2119,0.0884,0.0,0.0,0.0,D
0.0,15.0,0.0,0.0,14.7,1.0043,-0.2162,0.0908,0.0,0.0,0.0,D
0.0,16.6,0.0,0.0,15.1,1.0047,-0.2111,0.0953,0.0,0.0,0.0,D
0.0,17.8,0.0,0.0,15.2,1.0048,-0.2113,0.1024,0.0,0.0,0.0,D
0.0,18.8,0.0,0.0,15.5,1.0044,-0.2109,0.1033,0.0,0.0,0.0,D
0.0,19.7,0.0,0.0,15.6,1.0035,-0.2142,0.1041,0.0,0.0,0.0,D
0.0,20.1,0.0,0.0,15.8,1.0025,-0.2165,0.1013,0.0,0.0,0.0,D
0.0,0.0,0.0,0.0,15.9,1.0029,-0.2159,0.1033,0.0,0.0,0.0,D
0.0,0.0,0.6,0.0,16.1,1.003,-0.217,0.102,0.0,0.0,0.0,D
0.0,0.0,0.3,0.0,16.7,1.0027,-0.219,0.1001,0.0,0.0,0.0,D
0.0,0.0,0.2,0.0,17.2,1.0034,-0.2196,0.0983,0.0,0.0,0.0,D
0.0,0.0,0.1,0.0,16.4,1.0032,-0.2216,0.0977,0.0,0.0,0.0,D
0.0,0.0,0.1,0.0,16.4,1.0029,-0.223,0.0977,0.0,0.0,0.0,D
0.0,0.0,0.0,0.0,15.8,1.0027,-0.2245,0.0987,0.0,0.0,0.0,D
0.0,0.0,0.0,0.0,14.5,1.0029,-0.2253,0.0992,0.0,0.0,0.0,D
0.0,0.0,0.0,0.0,14.5,1.0022,-0.2267,0.0985,0.0,0.0,0.0,D
0.0,0.0,0.0,0.0,13.0,1.0019,-0.2278,0.097,0.0,0.0,0.0,D
0.0,0.0,0.0,0.0,13.3,1.002,-0.228,0.0958,0.0,0.0,0.0,D
0.0,0.0,0.0,0.0,13.3,1.002,-0.2289,0.0953,0.0,0.0,0.0,D
0.0,0.0,0.0,0.0,12.1,1.002,-0.2279,0.0956,0.0,0.0,0.0,D
0.0,0.0,0.0,0.0,11.5,1.0016,-0.2271,0.0934,0.0,0.0,0.0,D
0.0,0.0,0.0,0.0,11.2,1.0018,-0.228,0.0929,0.0,0.0,0.0,D
0.0,0.0,0.0,0.0,11.2,1.0018,-0.2283,0.0927,0.0,0.0,0.0,D
0.0,0.0,0.0,0.0,11.3,1.0019,-0.2295,0.0936,0.0,0.0,0.0,D
0.0,0.0,0.0,0.0,11.5,1.0016,-0.2297,0.0927,0.0,0.0,0.0,D
0.0,0.0,0.0,0.0,11.1,1.0013,-0.231,0.0911,0.0,0.0,0.0,D
0.0,0.0,0.0,0.0,10.8,1.0013,-0.2318,0.0923,0.0,0.0,0.0,D
0.0,0.0,0.0,1.3,11.1,1.0011,-0.2317,0.0912,0.0,0.0,0.0,D
0.0,0.0,0.0,0.7,11.2,1.001,-0.232,0.0907,0.0,0.0,0.0,D
0.0,0.0,0.0,0.4,11.2,1.0003,-0.2342,0.091,0.0,0.0,0.0,D
0.0,0.0,0.0,0.2,11.2,1.0002,-0.2348,0.0908,0.0,0.0,0.0,D
0.0,0.0,0.0,0.1,11.2,1.0,-0.2355,0.0915,0.0,0.0,0.0,D
0.0,0.0,0.0,0.4,11.4,0.9996,-0.2358,0.091,0.0,0.0,0.0,D
0.0,0.0,0.0,1.8,11.4,0.9995,-0.2364,0.0903,0.0,0.0,0.0,D
0.0,0.0,0.0,2.6,11.5,0.9992,-0.2365,0.0902,0.0,0.0,0.0,D
0.0,0.0,0.0,1.5,11.6,0.9994,-0.2365,0.0908,0.0,0.0,0.0,D
0.0,0.0,0.0,0.8,10.4,0.9993,-0.2364,0.0917,0.0,0.0,0.0,D
0.0,0.0,0.0,1.5,10.7,0.9994,-0.2348,0.0917,0.0,0.0,0.0,D
0.0,0.0,0.0,2.6,10.8,0.9993,-0.2344,0.093,0.0,0.0,0.0,D
0.0,0.0,0.0,3.9,11.0,0.9999,-0.2342,0.0938,0.0,0.0,0.0,D
0.0,0.0,0.0,5.2,11.0,0.9999,-0.2336,0.0943,0.0,0.0,0.0,D
0.0,0.0,0.0,6.1,10.3,0.9999,-0.2342,0.095,0.0,0.0,0.0,D
0.0,0.0,0.0,7.4,10.5,1.0,-0.2341,0.0955,0.0,0.0,0.0,D
0.0,0.0,0.0,8.5,10.8,0.9995,-0.2337,0.0952,0.0,0.0,0.0,D
0.0,0.0,0.0,9.2,10.9,0.999,-0.2337,0.0949,0.0,0.0,0.0,D
0.0,0.0,0.0,9.6,11.0,0.9996,-0.2339,0.0948,0.0,0.0,0.0,D
0.0,0.0,0.0,9.8,10.8,0.9998,-0.2342,0.0952,0.0,0.0,0.0,D
0.0,0.0,0.0,8.7,11.0,0.9996,-0.236,0.0948,0.0,0.0,0.0,D
0.0,0.0,0.0,9.0,11.3,0.9994,-0.2362,0.0948,0.0,0.0,0.0,D
20.4,78.7,85.9,88.9,79.5,0.8509,0.5563,0.1575,0.0,0.0,0.0,A
20.4,78.6,85.8,88.9,79.5,0.8511,0.5565,0.1588,0.0,0.0,0.0,A
20.5,78.5,85.8,89.0,79.4,0.8512,0.5566,0.159,0.0,0.0,0.0,A
19.1,78.5,85.9,89.0,78.4,0.851,0.5557,0.1612,0.0,0.0,0.0,A
19.2,78.1,85.9,89.0,78.6,0.8508,0.5555,0.1619,0.0,0.0,0.0,A
18.4,77.7,85.8,89.0,78.8,0.851,0.5553,0.1626,0.0,0.0,0.0,A
19.0,77.4,85.8,89.0,78.9,0.8509,0.5547,0.1646,0.0,0.0,0.0,A
19.6,77.2,85.8,89.0,79.0,0.851,0.5537,0.1659,0.0,0.0,0.0,A
20.2,76.8,85.7,89.0,77.8,0.8514,0.5539,0.1659,0.0,0.0,0.0,A
20.3,76.7,85.6,89.0,78.2,0.8517,0.5529,0.1667,0.0,0.0,0.0,A
20.8,76.7,85.6,89.0,78.5,0.8519,0.5525,0.1681,0.0,0.0,0.0,A
21.1,76.7,85.7,89.1,78.5,0.8519,0.5525,0.1688,0.0,0.0,0.0,A
21.5,76.8,85.7,89.0,78.6,0.8519,0.5524,0.17,0.0,0.0,0.0,A
21.2,76.8,85.7,88.9,78.8,0.8518,0.553,0.1709,0.0,0.0,0.0,A
21.4,76.8,85.7,89.0,79.1,0.8516,0.5533,0.1724,0.0,0.0,0.0,A
21.6,76.8,85.8,88.8,79.3,0.8515,0.5529,0.173,0.0,0.0,0.0,A
21.7,76.9,85.8,88.7,79.5,0.8517,0.5523,0.173,0.0,0.0,0.0,A
21.8,77.0,85.9,88.6,79.7,0.8513,0.5523,0.1732,0.0,0.0,0.0,A
21.9,77.1,85.9,88.5,79.9,0.8514,0.5526,0.1735,0.0,0.0,0.0,A
22.0,77.2,86.0,88.5,80.0,0.8515,0.5527,0.173,0.0,0.0,0.0,A
22.1,77.3,86.0,88.4,80.3,0.8516,0.552,0.1734,0.0,0.0,0.0,A
22.3,77.3,86.1,88.4,80.5,0.8516,0.552,0.1734,0.0,0.0,0.0,A
22.5,77.4,86.1,88.4,80.8,0.8514,0.5512,0.1754,0.0,0.0,0.0,A
22.2,77.5,86.2,88.4,81.1,0.8519,0.5511,0.1748,0.0,0.0,0.0,A
21.5,77.6,86.3,88.4,81.2,0.8521,0.5502,0.175,0.0,0.0,0.0,A
21.4,77.6,86.3,88.4,81.3,0.8523,0.5502,0.1758,0.0,0.0,0.0,A
21.3,77.8,86.4,88.2,81.3,0.8527,0.5492,0.1763,0.0,0.0,0.0,A
21.2,77.9,86.4,88.1,80.8,0.8528,0.5488,0.178,0.0,0.0,0.0,A
21.3,78.0,86.4,88.0,80.3,0.8531,0.5488,0.1771,0.0,0.0,0.0,A
21.4,78.1,86.5,87.9,80.1,0.8534,0.5484,0.1776,0.0,0.0,0.0,A
21.5,78.3,86.5,87.9,80.2,0.8534,0.5488,0.1786,0.0,0.0,0.0,A
21.6,78.4,86.6,87.9,80.0,0.8536,0.5479,0.1788,0.0,0.0,0.0,A
21.7,78.5,86.6,87.9,79.8,0.8535,0.5478,0.1793,0.0,0.0,0.0,A
21.8,78.6,86.6,87.8,79.7,0.8533,0.5474,0.1802,0.0,0.0,0.0,A
21.9,78.6,86.7,87.8,79.7,0.853,0.5474,0.1815,0.0,0.0,0.0,A
22.0,78.7,86.8,87.8,79.7,0.8529,0.5479,0.1813,0.0,0.0,0.0,A
22.2,78.7,86.8,87.8,79.7,0.8529,0.5478,0.1821,0.0,0.0,0.0,A
22.3,78.7,86.8,87.7,79.7,0.8522,0.549,0.1837,0.0,0.0,0.0,A
22.5,78.8,86.8,87.6,79.5,0.8521,0.5494,0.1828,0.0,0.0,0.0,A
22.6,78.8,86.8,87.6,79.5,0.8526,0.5493,0.1823,0.0,0.0,0.0,A
22.7,78.8,86.9,87.6,79.5,0.8525,0.5496,0.1826,0.0,0.0,0.0,A
22.8,78.8,86.9,87.6,79.4,0.8526,0.5485,0.1835,0.0,0.0,0.0,A
23.0,78.8,86.9,87.7,79.4,0.8526,0.5479,0.1841,0.0,0.0,0.0,A
23.1,78.8,86.9,87.7,79.4,0.8526,0.547,0.1844,0.0,0.0,0.0,A
22.6,78.8,86.9,87.7,79.4,0.8529,0.5461,0.1855,0.0,0.0,0.0,A
22.8,78.9,87.0,87.7,79.5,0.8527,0.5474,0.1857,0.0,0.0,0.0,A
22.2,78.9,87.0,87.7,79.5,0.8532,0.5468,0.1861,0.0,0.0,0.0,A
21.7,78.9,87.0,87.8,79.6,0.8534,0.5461,0.1869,0.0,0.0,0.0,A
22.0,78.9,87.0,87.9,79.7,0.8533,0.5456,0.1877,0.0,0.0,0.0,A
22.2,78.9,87.0,87.9,79.7,0.8534,0.544,0.1898,0.0,0.0,0.0,A
22.0,78.9,87.0,88.0,79.7,0.8539,0.544,0.1894,0.0,0.0,0.0,A
22.2,79.0,87.0,88.0,79.7,0.8547,0.5448,0.1866,0.0,0.0,0.0,A
22.3,79.0,87.0,88.0,79.7,0.8547,0.5428,0.1901,0.0,0.0,0.0,A
22.4,79.0,87.0,88.1,79.7,0.8551,0.5425,0.1886,0.0,0.0,0.0,A
22.4,79.0,87.0,88.1,79.7,0.8557,0.5429,0.188,0.0,0.0,0.0,A
22.4,79.0,87.0,88.0,79.7,0.8557,0.5422,0.1891,0.0,0.0,0.0,A
22.3,79.0,87.0,87.8,79.5,0.856,0.5417,0.1886,0.0,0.0,0.0,A
21.8,79.0,87.0,87.7,79.6,0.8564,0.5419,0.1876,0.0,0.0,0.0,A
18.5,79.0,87.0,87.6,79.7,0.8569,0.5394,0.1888,0.0,0.0,0.0,A
0.0,82.0,88.3,93.7,75.9,1.024,0.0098,0.1409,0.0,0.0,0.0,E
0.0,82.2,88.4,93.7,75.8,1.0223,0.0119,0.1475,0.0,0.0,0.0,E
0.0,82.4,88.4,93.8,76.3,1.023,0.0053,0.1454,0.0,0.0,0.0,E
0.0,82.6,88.4,93.9,76.7,1.0226,0.0059,0.1478,0.0,0.0,0.0,E
0.0,82.8,88.4,93.9,77.1,1.0221,0.0093,0.1484,0.0,0.0,0.0,E
0.0,83.0,88.4,93.9,77.3,1.0224,0.0102,0.1478,0.0,0.0,0.0,E
0.0,83.3,88.4,94.0,77.5,1.0223,0.0134,0.1473,0.0,0.0,0.0,E
0.0,83.5,88.1,94.1,75.7,1.0229,0.0139,0.1465,0.0,0.0,0.0,E
0.0,83.7,88.0,94.1,74.7,1.0225,0.0129,0.149,0.0,0.0,0.0,E
0.0,84.0,89.7,94.2,73.8,1.0237,-0.0175,0.1561,0.0,0.0,0.0,E
0.0,84.1,89.9,94.3,73.8,1.023,-0.0142,0.1559,0.0,0.0,0.0,E
0.0,84.1,90.0,94.4,73.0,1.0225,-0.0113,0.1576,0.0,0.0,0.0,E
0.0,84.2,90.3,94.5,73.5,1.022,-0.0095,0.1594,0.0,0.0,0.0,E
0.0,84.2,90.4,94.5,73.0,1.0213,-0.0076,0.161,0.0,0.0,0.0,E
0.0,84.3,90.6,94.6,73.5,1.0209,-0.0075,0.1635,0.0,0.0,0.0,E
0.0,84.3,90.7,94.6,74.2,1.0211,-0.007,0.165,0.0,0.0,0.0,E
0.0,84.4,90.9,94.6,74.8,1.0215,-0.0074,0.1637,0.0,0.0,0.0,E
0.0,84.4,91.0,94.6,75.3,1.0203,-0.0089,0.168,0.0,0.0,0.0,E
0.0,84.5,91.2,94.6,75.7,1.0203,-0.0067,0.1676,0.0,0.0,0.0,E
0.0,84.5,91.3,94.7,76.2,1.0202,-0.0038,0.1694,0.0,0.0,0.0,E
0.0,84.5,91.5,94.7,76.7,1.0206,-0.0016,0.1687,0.0,0.0,0.0,E
0.0,84.5,91.7,94.7,77.1,1.02,-0.0,0.1695,0.0,0.0,0.0,E
0.0,84.6,91.8,94.7,77.4,1.0206,0.0,0.1681,0.0,0.0,0.0,E
0.0,84.6,91.9,94.6,77.7,1.0193,0.0019,0.1731,0.0,0.0,0.0,E
0.0,84.6,92.0,94.6,78.0,1.0192,0.0021,0.1735,0.0,0.0,0.0,E
0.0,84.6,92.1,94.6,78.3,1.019,0.0035,0.175,0.0,0.0,0.0,E
0.0,84.6,92.2,94.7,78.5,1.0197,0.004,0.1744,0.0,0.0,0.0,E
0.0,84.7,92.3,94.7,78.8,1.0193,0.0052,0.1759,0.0,0.0,0.0,E
0.0,84.7,92.4,94.7,78.9,1.0199,0.0059,0.1749,0.0,0.0,0.0,E
0.0,84.7,92.4,94.7,79.1,1.0198,0.0055,0.1755,0.0,0.0,0.0,E
0.0,84.8,92.5,94.7,79.3,1.0191,0.0067,0.1773,0.0,0.0,0.0,E
0.0,84.8,92.4,94.7,79.5,1.0192,0.0078,0.1776,0.0,0.0,0.0,E
0.0,84.9,92.3,94.7,79.7,1.0194,0.0081,0.1771,0.0,0.0,0.0,E
0.0,84.9,92.3,94.7,79.8,1.0198,0.008,0.1769,0.0,0.0,0.0,E
0.0,85.0,92.2,94.7,80.0,1.0195,0.0088,0.177,0.0,0.0,0.0,E
0.0,85.0,92.2,94.7,80.2,1.0198,0.0096,0.1761,0.0,0.0,0.0,E
0.0,85.1,92.2,94.7,80.5,1.0195,0.0104,0.1768,0.0,0.0,0.0,E
0.0,85.0,92.1,94.8,80.6,1.0195,0.0111,0.1769,0.0,0.0,0.0,E
0.0,84.9,91.8,94.8,80.8,1.0203,0.0127,0.174,0.0,0.0,0.0,E
0.0,84.7,91.6,94.8,80.5,1.019,0.0137,0.1778,0.0,0.0,0.0,E
0.0,84.6,91.4,94.8,80.6,1.0187,0.0127,0.1773,0.0,0.0,0.0,E
0.0,84.6,91.4,94.8,80.9,1.0191,0.0116,0.1773,0.0,0.0,0.0,E
0.0,84.6,91.4,94.9,81.0,1.0191,0.0107,0.1776,0.0,0.0,0.0,E
0.0,84.6,91.5,94.9,81.1,1.0182,0.0133,0.1797,0.0,0.0,0.0,E
0.0,84.6,91.5,94.9,81.2,1.0187,0.0139,0.1782,0.0,0.0,0.0,E
0.0,84.6,91.6,95.0,81.4,1.0185,0.0163,0.1806,0.0,0.0,0.0,E
0.0,84.6,91.6,95.0,81.4,1.0189,0.014,0.1804,0.0,0.0,0.0,E
0.0,84.7,91.6,95.0,81.5,1.0182,0.0144,0.1831,0.0,0.0,0.0,E
0.0,84.7,91.6,95.0,81.6,1.0173,0.012,0.1858,0.0,0.0,0.0,E
0.0,84.7,91.3,94.9,81.0,1.0177,0.0136,0.1855,0.0,0.0,0.0,E
0.0,84.7,91.0,94.9,81.0,1.016,0.0146,0.186,0.0,0.0,0.0,E
0.0,84.7,90.9,95.0,81.1,1.0164,0.012,0.1865,0.0,0.0,0.0,E
0.0,84.6,90.8,95.0,81.2,1.0164,0.0137,0.1869,0.0,0.0,0.0,E
0.0,84.7,90.8,95.0,81.3,1.0166,0.0125,0.1864,0.0,0.0,0.0,E
0.0,84.6,90.8,95.0,81.0,1.0164,0.0144,0.1869,0.0,0.0,0.0,E
0.0,84.6,90.6,95.1,80.1,1.0163,0.0168,0.1881,0.0,0.0,0.0,E
0.0,84.6,90.4,95.0,80.3,1.0167,0.0159,0.1891,0.0,0.0,0.0,E
0.0,84.6,90.2,94.9,80.1,1.0165,0.0196,0.1898,0.0,0.0,0.0,E
0.0,84.6,90.0,94.9,80.2,1.0179,0.0151,0.1861,0.0,0.0,0.0,E
0.0,84.7,89.8,94.8,80.2,1.0178,0.0151,0.186,0.0,0.0,0.0,E
0.0,84.7,89.7,94.8,80.2,1.0179,0.0143,0.1858,0.0,0.0,0.0,E
0.0,84.7,89.7,94.8,80.3,1.0173,0.0155,0.1878,0.0,0.0,0.0,E
0.0,84.7,89.7,94.8,80.4,1.0176,0.0162,0.1866,0.0,0.0,0.0,E
0.0,84.7,89.7,94.9,80.5,1.0176,0.0166,0.1873,0.0,0.0,0.0,E
0.0,84.7,89.7,94.9,80.3,1.0174,0.0171,0.1881,0.0,0.0,0.0,E
0.0,84.8,89.7,94.9,80.0,1.0171,0.0152,0.1894,0.0,0.0,0.0,E
0.0,72.1,0.0,0.0,0.0,1.005,-0.0638,0.2421,0.0,0.0,0.0,F
0.0,72.0,0.0,0.0,0.0,1.0059,-0.0645,0.2406,0.0,0.0,0.0,F
0.0,72.0,0.0,0.0,0.0,1.0056,-0.0662,0.24,0.0,0.0,0.0,F
0.0,72.0,0.0,0.0,0.0,1.0056,-0.0675,0.2403,0.0,0.0,0.0,F
0.0,72.0,0.0,0.0,0.0,1.0049,-0.068,0.2431,0.0,0.0,0.0,F
0.0,72.0,0.0,0.0,0.0,1.0042,-0.0696,0.2469,0.0,0.0,0.0,F
0.0,72.0,0.0,0.0,0.0,1.0031,-0.0709,0.2501,0.0,0.0,0.0,F
0.0,72.0,0.0,0.0,0.0,1.0033,-0.0715,0.2505,0.0,0.0,0.0,F
0.0,71.8,0.0,0.0,0.4,1.0029,-0.0732,0.2513,0.0,0.0,0.0,F
0.0,71.8,0.0,0.0,0.5,1.0024,-0.074,0.2539,0.0,0.0,0.0,F
0.0,71.7,0.0,0.0,0.3,1.0019,-0.0753,0.2556,0.0,0.0,0.0,F
0.0,71.7,0.0,0.0,0.2,1.0016,-0.0768,0.2565,0.0,0.0,0.0,F
0.0,71.7,0.0,0.0,0.1,1.0009,-0.078,0.2584,0.0,0.0,0.0,F
0.0,71.7,0.0,0.0,0.7,1.0005,-0.0784,0.2602,0.0,0.0,0.0,F
0.0,71.7,0.0,0.0,0.4,1.0002,-0.0784,0.261,0.0,0.0,0.0,F
0.0,71.7,0.0,0.0,0.2,0.9998,-0.079,0.2629,0.0,0.0,0.0,F
0.0,71.8,0.0,0.0,0.4,0.9995,-0.0792,0.2643,0.0,0.0,0.0,F
0.0,71.8,0.0,0.0,0.8,0.999,-0.0799,0.266,0.0,0.0,0.0,F
0.0,71.8,0.0,0.0,1.5,0.9984,-0.0798,0.2678,0.0,0.0,0.0,F
0.0,71.8,0.0,0.0,1.6,0.9981,-0.0795,0.2697,0.0,0.0,0.0,F
0.0,71.8,0.0,0.0,1.9,0.9981,-0.0801,0.2698,0.0,0.0,0.0,F
0.0,71.8,0.0,0.0,2.3,0.9976,-0.0809,0.2707,0.0,0.0,0.0,F
0.0,71.9,0.0,0.0,2.6,0.9979,-0.0807,0.2711,0.0,0.0,0.0,F
0.0,71.9,0.0,0.0,2.8,0.9977,-0.0809,0.2714,0.0,0.0,0.0,F
0.0,71.9,0.0,0.0,3.0,0.9972,-0.0816,0.2732,0.0,0.0,0.0,F
0.0,71.9,0.0,0.0,3.0,0.9972,-0.082,0.2738,0.0,0.0,0.0,F
0.0,72.0,0.0,0.0,2.6,0.9972,-0.0831,0.2742,0.0,0.0,0.0,F
0.0,72.0,0.0,0.0,2.5,0.9972,-0.0835,0.2744,0.0,0.0,0.0,F
0.0,72.0,0.0,0.0,1.4,0.9971,-0.0836,0.2748,0.0,0.0,0.0,F
0.0,72.0,0.0,0.0,1.6,0.9971,-0.0847,0.2747,0.0,0.0,0.0,F
0.0,72.2,0.0,0.0,2.1,0.9969,-0.0857,0.2753,0.0,0.0,0.0,F
0.0,72.3,0.0,0.0,2.5,0.9969,-0.0864,0.2755,0.0,0.0,0.0,F
0.0,72.5,0.0,0.0,3.0,0.997,-0.0866,0.2753,0.0,0.0,0.0,F
0.0,72.7,0.0,0.0,3.2,0.9968,-0.0872,0.2756,0.0,0.0,0.0,F
0.0,72.8,0.0,0.0,3.9,0.9967,-0.088,0.2744,0.0,0.0,0.0,F
0.0,72.9,0.0,0.0,4.5,0.9965,-0.0888,0.2746,0.0,0.0,0.0,F
0.0,73.0,0.0,0.0,5.0,0.9964,-0.0883,0.2753,0.0,0.0,0.0,F
0.0,73.0,0.0,0.0,5.6,0.9962,-0.0878,0.2754,0.0,0.0,0.0,F
0.0,73.1,0.0,0.0,6.1,0.9957,-0.0871,0.2761,0.0,0.0,0.0,F
0.0,73.3,0.0,0.0,6.5,0.9957,-0.0857,0.2762,0.0,0.0,0.0,F
0.0,73.5,0.0,0.0,6.8,0.9942,-0.0837,0.282,0.0,0.0,0.0,F
0.0,73.7,0.0,0.0,7.2,0.994,-0.0855,0.2813,0.0,0.0,0.0,F
0.0,73.9,0.0,0.0,7.5,0.9947,-0.0824,0.2809,0.0,0.0,0.0,F
0.0,74.1,0.0,0.0,7.9,0.9953,-0.081,0.279,0.0,0.0,0.0,F
0.0,74.2,0.0,0.0,8.2,0.9956,-0.0805,0.278,0.0,0.0,0.0,F
0.0,74.1,0.0,0.0,8.5,0.996,-0.0797,0.2772,0.0,0.0,0.0,F
0.0,73.9,0.0,0.0,8.8,0.9967,-0.0772,0.2756,0.0,0.0,0.0,F
0.0,73.8,0.0,0.0,9.0,0.9967,-0.0785,0.2755,0.0,0.0,0.0,F
0.0,73.6,0.0,0.0,9.3,0.9967,-0.0785,0.2741,0.0,0.0,0.0,F
0.0,73.3,0.0,0.0,9.6,0.9967,-0.0796,0.273,0.0,0.0,0.0,F
0.0,73.2,0.0,0.0,9.7,0.9969,-0.0802,0.273,0.0,0.0,0.0,F
0.0,73.0,0.0,0.0,9.8,0.9973,-0.0805,0.2716,0.0,0.0,0.0,F
0.0,73.0,0.0,0.0,9.6,0.9973,-0.0806,0.2718,0.0,0.0,0.0,F
0.0,72.9,0.0,0.0,9.3,0.9976,-0.0807,0.2712,0.0,0.0,0.0,F
0.0,72.6,0.0,0.0,9.0,0.9975,-0.0806,0.2721,0.0,0.0,0.0,F
0.0,72.1,0.0,0.0,8.8,0.9975,-0.0817,0.2708,0.0,0.0,0.0,F
0.0,71.7,0.0,0.0,8.8,0.9973,-0.0806,0.2721,0.0,0.0,0.0,F
0.0,71.7,0.0,0.0,7.5,0.9967,-0.0825,0.272,0.0,0.0,0.0,F
0.0,71.6,0.0,0.0,7.2,0.9971,-0.0813,0.2716,0.0,0.0,0.0,F
29.7,0.0,84.4,73.3,79.7,-0.0067,0.9785,0.2255,0.0,0.0,0.0,G
29.8,0.0,84.6,73.3,79.8,-0.0055,0.9791,0.2248,0.0,0.0,0.0,G
29.9,0.0,84.6,73.4,79.9,-0.005,0.9786,0.2269,0.0,0.0,0.0,G
30.0,0.0,84.7,73.4,80.0,-0.0044,0.979,0.2279,0.0,0.0,0.0,G
30.0,0.0,84.7,73.4,80.1,-0.0039,0.9791,0.2291,0.0,0.0,0.0,G
30.1,0.0,84.8,73.4,80.2,-0.0034,0.9794,0.2306,0.0,0.0,0.0,G
29.3,0.0,84.8,73.4,80.4,-0.0032,0.979,0.2316,0.0,0.0,0.0,G
29.0,0.0,84.9,73.4,80.6,-0.0033,0.9784,0.2318,0.0,0.0,0.0,G
28.9,0.0,84.9,73.4,80.0,-0.0035,0.9786,0.2332,0.0,0.0,0.0,G
28.6,0.0,84.9,73.4,80.1,-0.0037,0.9781,0.2336,0.0,0.0,0.0,G
28.7,0.0,84.9,73.4,80.2,-0.0038,0.9781,0.2335,0.0,0.0,0.0,G
28.8,0.0,84.8,73.5,80.4,-0.005,0.9784,0.235,0.0,0.0,0.0,G
28.9,0.0,84.8,73.5,80.6,-0.0054,0.978,0.235,0.0,0.0,0.0,G
29.0,0.0,84.8,73.5,80.7,-0.0059,0.9773,0.2361,0.0,0.0,0.0,G
29.0,0.0,84.8,73.5,80.9,-0.0068,0.977,0.2358,0.0,0.0,0.0,G
29.1,0.0,84.8,73.5,80.1,-0.0067,0.9767,0.2354,0.0,0.0,0.0,G
29.2,0.0,84.0,73.5,80.3,-0.008,0.9774,0.2366,0.0,0.0,0.0,G
29.4,0.0,83.7,73.5,80.6,-0.0078,0.9775,0.2361,0.0,0.0,0.0,G
29.6,0.0,83.3,73.5,80.7,-0.0078,0.9777,0.2356,0.0,0.0,0.0,G
29.7,0.0,83.1,73.4,80.8,-0.0075,0.9769,0.2364,0.0,0.0,0.0,G
29.9,0.0,82.6,73.4,80.5,-0.0064,0.9754,0.2368,0.0,0.0,0.0,G
30.0,0.0,82.6,73.4,80.4,-0.0092,0.979,0.2376,0.0,0.0,0.0,G
30.1,0.0,82.7,73.3,80.5,-0.0074,0.9749,0.2399,0.0,0.0,0.0,G
30.2,0.0,82.8,73.2,80.7,-0.0062,0.9767,0.24,0.0,0.0,0.0,G
30.3,0.0,82.8,73.1,80.8,-0.0065,0.9764,0.2423,0.0,0.0,0.0,G
30.4,0.0,81.8,73.0,80.9,-0.006,0.976,0.2408,0.0,0.0,0.0,G
30.7,0.0,81.1,73.1,81.0,-0.0058,0.9757,0.2425,0.0,0.0,0.0,G
31.0,0.0,81.1,73.1,81.1,-0.0065,0.9759,0.243,0.0,0.0,0.0,G
31.2,0.0,81.2,73.0,81.2,-0.0058,0.9752,0.2423,0.0,0.0,0.0,G
31.5,0.0,81.2,72.9,81.3,-0.0065,0.976,0.242,0.0,0.0,0.0,G
31.7,0.0,81.6,73.0,81.4,-0.0075,0.9754,0.2432,0.0,0.0,0.0,G
31.8,0.0,81.1,73.0,81.5,-0.0082,0.9756,0.2418,0.0,0.0,0.0,G
31.3,0.0,81.0,73.0,81.3,-0.0111,0.9764,0.2418,0.0,0.0,0.0,G
30.7,0.0,80.9,72.9,81.0,-0.0114,0.9764,0.2409,0.0,0.0,0.0,G
30.3,0.0,80.6,72.7,80.6,-0.0118,0.9761,0.2414,0.0,0.0,0.0,G
30.7,0.0,80.4,72.6,80.7,-0.0125,0.9765,0.2432,0.0,0.0,0.0,G
30.9,0.0,80.0,72.6,80.8,-0.0126,0.9761,0.243,0.0,0.0,0.0,G
31.1,0.0,79.9,72.6,81.0,-0.0124,0.9763,0.2416,0.0,0.0,0.0,G
31.4,0.0,79.8,72.5,81.0,-0.0129,0.9754,0.2425,0.0,0.0,0.0,G
31.6,0.0,79.7,72.1,80.5,-0.0126,0.9754,0.241,0.0,0.0,0.0,G
31.7,0.0,79.8,72.0,80.5,-0.0132,0.9756,0.2419,0.0,0.0,0.0,G
31.8,0.0,79.8,72.0,80.0,-0.0139,0.9758,0.2423,0.0,0.0,0.0,G
31.9,0.0,79.9,72.1,79.7,-0.0134,0.9752,0.2407,0.0,0.0,0.0,G
31.8,0.0,79.9,72.1,79.8,-0.0136,0.9758,0.2409,0.0,0.0,0.0,G
31.5,0.0,79.7,72.1,79.9,-0.0141,0.9758,0.2414,0.0,0.0,0.0,G
31.6,0.0,79.7,72.2,79.9,-0.0143,0.9762,0.24,0.0,0.0,0.0,G
31.8,0.0,79.7,72.2,79.8,-0.0145,0.976,0.2398,0.0,0.0,0.0,G
31.8,0.0,79.7,72.3,79.7,-0.0148,0.9761,0.2395,0.0,0.0,0.0,G
31.8,0.0,79.7,72.3,79.7,-0.0151,0.9761,0.2397,0.0,0.0,0.0,G
31.9,0.0,79.7,72.4,79.9,-0.0161,0.977,0.2404,0.0,0.0,0.0,G
32.1,0.0,79.7,72.4,80.2,-0.0165,0.9771,0.24,0.0,0.0,0.0,G
32.2,0.0,79.7,72.4,80.5,-0.0169,0.9769,0.2409,0.0,0.0,0.0,G
32.3,0.0,79.8,72.5,80.8,-0.0173,0.9762,0.2406,0.0,0.0,0.0,G
32.4,0.0,79.8,72.6,81.1,-0.0174,0.9764,0.2402,0.0,0.0,0.0,G
32.5,0.0,79.8,72.6,81.4,-0.018,0.9769,0.2411,0.0,0.0,0.0,G
32.5,0.0,79.8,72.6,81.6,-0.0187,0.977,0.2418,0.0,0.0,0.0,G
32.5,0.0,79.8,72.7,81.5,-0.0187,0.977,0.2416,0.0,0.0,0.0,G
32.5,0.0,79.9,72.7,81.2,-0.0184,0.9764,0.2428,0.0,0.0,0.0,G
0.0,0.0,0.0,49.6,74.3,0.4763,0.8898,0.1203,0.0,0.0,0.0,H
0.0,0.0,0.0,49.7,74.4,0.4788,0.887,0.1176,0.0,0.0,0.0,H
0.0,0.0,0.0,49.7,74.4,0.4809,0.8859,0.1175,0.0,0.0,0.0,H
0.0,0.0,0.0,49.7,74.5,0.4829,0.8849,0.1179,0.0,0.0,0.0,H
0.0,0.0,0.0,49.6,74.2,0.4844,0.8864,0.1151,0.0,0.0,0.0,H
0.0,0.0,0.0,49.4,73.8,0.4862,0.8846,0.1149,0.0,0.0,0.0,H
0.0,0.0,0.0,48.5,73.7,0.4876,0.8853,0.1133,0.0,0.0,0.0,H
0.0,0.0,0.0,47.8,73.7,0.4887,0.8842,0.1149,0.0,0.0,0.0,H
0.0,0.0,0.0,47.4,73.6,0.4899,0.8813,0.1159,0.0,0.0,0.0,H
0.0,0.0,0.0,47.5,73.7,0.4906,0.8814,0.1146,0.0,0.0,0.0,H
0.0,0.0,0.0,46.2,73.6,0.4907,0.8816,0.1154,0.0,0.0,0.0,H
0.0,0.0,0.0,46.3,73.6,0.4906,0.8819,0.1168,0.0,0.0,0.0,H
0.0,0.0,0.0,46.5,73.6,0.4903,0.8826,0.1178,0.0,0.0,0.0,H
0.0,0.0,0.0,45.7,73.6,0.4899,0.8821,0.1183,0.0,0.0,0.0,H
0.0,0.0,0.0,43.7,73.2,0.4895,0.8814,0.1195,0.0,0.0,0.0,H
0.0,0.0,0.0,44.3,72.8,0.489,0.8828,0.1194,0.0,0.0,0.0,H
0.0,0.0,0.0,44.9,72.5,0.4892,0.8826,0.1189,0.0,0.0,0.0,H
0.0,0.0,0.0,45.5,72.4,0.489,0.8828,0.1194,0.0,0.0,0.0,H
0.0,0.0,0.0,46.2,72.2,0.4892,0.8834,0.1195,0.0,0.0,0.0,H
0.0,0.0,0.0,46.7,72.2,0.4893,0.8826,0.1205,0.0,0.0,0.0,H
0.0,0.0,0.0,47.2,72.1,0.4899,0.8837,0.1214,0.0,0.0,0.0,H
0.0,0.0,0.0,47.7,72.2,0.4902,0.8836,0.1218,0.0,0.0,0.0,H
0.0,0.0,0.0,48.0,72.1,0.4907,0.8828,0.1217,0.0,0.0,0.0,H
0.0,0.0,0.0,48.4,72.0,0.491,0.8836,0.1238,0.0,0.0,0.0,H
0.0,0.0,0.0,48.7,72.0,0.4907,0.8835,0.1262,0.0,0.0,0.0,H
0.0,0.0,0.0,49.0,71.9,0.4909,0.8836,0.1273,0.0,0.0,0.0,H
0.0,0.0,0.0,49.2,71.7,0.4918,0.8824,0.129,0.0,0.0,0.0,H
0.0,0.0,0.0,49.5,71.8,0.4914,0.8816,0.1302,0.0,0.0,0.0,H
0.0,0.0,0.0,49.7,71.9,0.4917,0.8808,0.1303,0.0,0.0,0.0,H
0.0,0.0,0.0,49.8,72.0,0.4918,0.8822,0.1316,0.0,0.0,0.0,H
0.0,0.0,0.0,50.0,72.0,0.4914,0.8819,0.1304,0.0,0.0,0.0,H
0.0,0.0,0.0,50.2,72.0,0.4918,0.8801,0.132,0.0,0.0,0.0,H
0.0,0.0,0.0,50.2,72.1,0.4919,0.8796,0.1298,0.0,0.0,0.0,H
0.0,0.0,0.0,50.3,71.9,0.4917,0.8795,0.1305,0.0,0.0,0.0,H
0.0,0.0,0.0,50.4,71.9,0.4909,0.8801,0.132,0.0,0.0,0.0,H
0.0,0.0,0.0,50.5,71.9,0.4905,0.881,0.1329,0.0,0.0,0.0,H
0.0,0.0,0.0,50.5,72.0,0.4903,0.881,0.1341,0.0,0.0,0.0,H
0.0,0.0,0.0,50.7,72.0,0.4909,0.8803,0.1324,0.0,0.0,0.0,H
0.0,0.0,0.0,50.7,72.2,0.4911,0.8815,0.1329,0.0,0.0,0.0,H
0.0,0.0,0.0,50.8,72.0,0.4911,0.881,0.1316,0.0,0.0,0.0,H
0.0,0.0,0.0,50.8,71.6,0.4913,0.8825,0.1329,0.0,0.0,0.0,H
0.0,0.0,0.0,50.9,71.3,0.4915,0.883,0.1339,0.0,0.0,0.0,H
0.0,0.0,0.0,51.0,70.2,0.4919,0.8821,0.1344,0.0,0.0,0.0,H
0.0,0.0,0.0,51.0,70.1,0.4932,0.8837,0.1358,0.0,0.0,0.0,H
0.0,0.0,0.0,51.0,70.0,0.4935,0.8828,0.136,0.0,0.0,0.0,H
0.0,0.0,0.0,51.1,69.6,0.4935,0.8819,0.1356,0.0,0.0,0.0,H
0.0,0.0,0.0,51.1,69.4,0.4935,0.8814,0.137,0.0,0.0,0.0,H
0.0,0.0,0.0,51.1,69.4,0.4938,0.8806,0.1364,0.0,0.0,0.0,H
0.0,0.0,0.0,51.1,69.0,0.4941,0.8808,0.1365,0.0,0.0,0.0,H
0.0,0.0,0.0,51.1,68.6,0.4931,0.8815,0.1355,0.0,0.0,0.0,H
0.0,0.0,0.0,51.0,68.4,0.494,0.8835,0.1347,0.0,0.0,0.0,H
0.0,0.0,0.0,45.0,69.2,0.5017,0.8742,0.1283,0.0,0.0,0.0,H
0.0,0.0,0.0,43.3,70.3,0.5046,0.8719,0.1181,0.0,0.0,0.0,H
0.0,0.0,0.0,43.0,70.6,0.5107,0.8683,0.1119,0.0,0.0,0.0,H
0.0,0.0,0.0,44.0,70.8,0.5062,0.8694,0.1129,0.0,0.0,0.0,H
0.0,0.0,0.0,44.2,71.0,0.5102,0.8652,0.106,0.0,0.0,0.0,H
0.3,0.0,0.3,45.8,71.5,0.5116,0.8662,0.0987,0.0,0.0,0.0,H
0.2,0.0,0.8,47.5,71.9,0.5171,0.8635,0.0927,0.0,0.0,0.0,H
1.0,0.0,1.3,48.8,72.1,0.5204,0.8613,0.0893,0.0,0.0,0.0,H
46.2,79.0,73.8,74.9,24.5,0.9247,-0.1354,-0.3959,0.0,0.0,0.0,I
46.3,79.0,73.9,74.6,25.0,0.9197,-0.1431,-0.4047,0.0,0.0,0.0,I
46.2,79.1,74.0,74.5,25.3,0.9235,-0.1342,-0.398,0.0,0.0,0.0,I
46.2,79.2,74.1,74.5,25.5,0.922,-0.1389,-0.4026,0.0,0.0,0.0,I
46.0,79.2,74.2,74.4,25.6,0.9208,-0.1404,-0.4049,0.0,0.0,0.0,I
46.1,79.3,74.4,74.3,25.5,0.923,-0.1352,-0.3995,0.0,0.0,0.0,I
46.1,79.4,74.5,74.3,25.8,0.9179,-0.1416,-0.4089,0.0,0.0,0.0,I
46.2,79.4,74.6,74.4,26.1,0.9204,-0.1366,-0.4035,0.0,0.0,0.0,I
46.2,79.5,74.7,74.4,26.2,0.92,-0.1401,-0.4043,0.0,0.0,0.0,I
46.3,79.6,74.6,74.4,25.7,0.9169,-0.1446,-0.41,0.0,0.0,0.0,I
46.4,79.6,74.5,74.5,25.9,0.9205,-0.1391,-0.4021,0.0,0.0,0.0,I
46.4,79.7,74.5,74.6,26.2,0.9174,-0.1449,-0.409,0.0,0.0,0.0,I
46.3,79.7,74.5,74.6,26.5,0.9179,-0.1442,-0.4062,0.0,0.0,0.0,I
46.2,79.8,74.4,74.7,26.7,0.9183,-0.145,-0.4062,0.0,0.0,0.0,I
46.2,79.9,74.5,74.8,26.8,0.9145,-0.1465,-0.413,0.0,0.0,0.0,I
46.3,79.9,74.6,74.8,26.8,0.9157,-0.1451,-0.4109,0.0,0.0,0.0,I
46.3,80.0,74.7,74.9,23.1,0.9139,-0.1462,-0.4136,0.0,0.0,0.0,I
46.4,80.1,74.8,74.9,21.0,0.913,-0.148,-0.4153,0.0,0.0,0.0,I
46.4,80.1,74.8,74.9,19.7,0.9122,-0.1465,-0.4165,0.0,0.0,0.0,I
46.4,80.2,74.9,74.5,20.7,0.9116,-0.1467,-0.4173,0.0,0.0,0.0,I
46.5,80.3,74.9,74.3,21.6,0.9119,-0.1489,-0.4182,0.0,0.0,0.0,I
46.5,80.3,75.0,74.2,22.4,0.9116,-0.1483,-0.4193,0.0,0.0,0.0,I
46.6,80.3,75.1,74.0,22.8,0.9114,-0.1485,-0.4206,0.0,0.0,0.0,I
46.6,80.4,75.1,74.0,22.9,0.9116,-0.1494,-0.42,0.0,0.0,0.0,I
46.6,80.3,75.2,74.0,23.4,0.9103,-0.1489,-0.422,0.0,0.0,0.0,I
46.7,80.3,75.2,74.0,23.9,0.9096,-0.1508,-0.4231,0.0,0.0,0.0,I
46.7,80.4,75.2,74.0,24.4,0.9092,-0.1502,-0.4244,0.0,0.0,0.0,I
46.7,80.4,75.3,74.0,24.7,0.9087,-0.1482,-0.4251,0.0,0.0,0.0,I
46.7,80.4,75.0,73.9,23.9,0.9085,-0.1499,-0.4244,0.0,0.0,0.0,I
46.7,80.4,75.1,73.9,24.4,0.9082,-0.1498,-0.4255,0.0,0.0,0.0,I
46.8,80.4,75.1,74.0,22.7,0.9083,-0.1506,-0.4263,0.0,0.0,0.0,I
46.8,80.4,75.2,74.0,23.2,0.9092,-0.1514,-0.4251,0.0,0.0,0.0,I
46.8,80.5,75.2,74.0,23.7,0.9082,-0.1514,-0.4269,0.0,0.0,0.0,I
46.8,80.5,75.2,74.0,24.2,0.9085,-0.153,-0.4258,0.0,0.0,0.0,I
46.8,80.6,75.2,74.0,24.7,0.9085,-0.1523,-0.4255,0.0,0.0,0.0,I
46.6,80.6,75.2,74.1,24.7,0.9092,-0.1533,-0.4241,0.0,0.0,0.0,I
46.7,80.6,75.2,74.3,24.1,0.9091,-0.1529,-0.4233,0.0,0.0,0.0,I
46.7,80.6,75.2,74.4,24.3,0.909,-0.1556,-0.4236,0.0,0.0,0.0,I
46.7,80.6,74.2,74.3,24.4,0.9108,-0.1564,-0.4208,0.0,0.0,0.0,I
46.8,80.6,74.0,74.2,24.1,0.9114,-0.1557,-0.4204,0.0,0.0,0.0,I
46.8,80.6,73.9,74.2,24.5,0.911,-0.1559,-0.4211,0.0,0.0,0.0,I
46.9,80.7,73.8,74.1,24.8,0.911,-0.1535,-0.4215,0.0,0.0,0.0,I
46.9,80.7,73.8,74.0,25.1,0.9099,-0.1549,-0.4221,0.0,0.0,0.0,I
46.9,80.0,74.0,74.0,25.5,0.9121,-0.1542,-0.4179,0.0,0.0,0.0,I
47.0,79.5,74.2,74.0,25.6,0.911,-0.1555,-0.4198,0.0,0.0,0.0,I
47.0,79.2,74.3,74.1,23.6,0.9121,-0.1563,-0.4178,0.0,0.0,0.0,I
47.0,79.1,74.4,74.2,13.0,0.9132,-0.156,-0.4158,0.0,0.0,0.0,I
47.1,78.9,74.4,74.3,7.2,0.913,-0.1592,-0.4178,0.0,0.0,0.0,I
47.1,78.9,74.1,74.4,3.9,0.9148,-0.1588,-0.4151,0.0,0.0,0.0,I
47.1,78.9,73.6,74.6,2.2,0.9136,-0.1569,-0.4169,0.0,0.0,0.0,I
47.1,78.9,73.5,74.7,1.2,0.9147,-0.1549,-0.4154,0.0,0.0,0.0,I
47.1,78.9,73.5,74.8,0.7,0.912,-0.1482,-0.4201,0.0,0.0,0.0,I
47.2,78.9,73.5,75.0,0.4,0.9105,-0.1488,-0.4227,0.0,0.0,0.0,I
47.2,79.0,73.5,75.1,0.2,0.913,-0.1474,-0.4173,0.0,0.0,0.0,I
47.1,78.9,73.5,75.1,0.1,0.9136,-0.1503,-0.4143,0.0,0.0,0.0,I
46.9,78.9,73.6,75.2,0.1,0.9116,-0.1546,-0.4167,0.0,0.0,0.0,I
46.6,78.7,73.6,75.3,2.8,0.9133,-0.1521,-0.4122,0.0,0.0,0.0,I
46.6,78.7,73.7,75.3,5.4,0.9136,-0.1594,-0.4098,0.0,0.0,0.0,I
45.2,78.6,73.7,75.3,7.6,0.913,-0.157,-0.4098,0.0,0.0,0.0,I
40.9,95.6,44.4,79.3,0.0,-0.8566,0.3091,0.3686,0.0,0.0,0.0,J
41.6,95.4,44.7,79.4,0.0,-0.8649,0.2985,0.3661,0.0,0.0,0.0,J
42.2,95.1,48.9,79.4,0.0,-0.8677,0.2911,0.3561,0.0,0.0,0.0,J
43.0,95.0,51.5,79.5,0.0,-0.8703,0.2809,0.3493,0.0,0.0,0.0,J
43.7,94.7,53.7,79.5,0.0,-0.8747,0.275,0.3446,0.0,0.0,0.0,J
44.3,94.1,55.6,79.5,0.0,-0.8791,0.2711,0.3399,0.0,0.0,0.0,J
44.9,94.1,57.4,79.6,0.0,-0.8813,0.2648,0.3373,0.0,0.0,0.0,J
45.5,94.1,59.1,79.6,0.0,-0.8827,0.2595,0.3351,0.0,0.0,0.0,J
46.0,94.2,60.6,79.6,0.0,-0.885,0.2554,0.3342,0.0,0.0,0.0,J
46.5,94.3,61.8,79.6,0.0,-0.8852,0.2493,0.3325,0.0,0.0,0.0,J
46.9,94.4,62.8,79.6,0.0,-0.8863,0.2461,0.3313,0.0,0.0,0.0,J
47.1,94.5,63.5,79.5,0.0,-0.8873,0.2422,0.3303,0.0,0.0,0.0,J
47.6,94.6,64.0,79.5,0.0,-0.8864,0.2393,0.3287,0.0,0.0,0.0,J
47.9,94.7,64.5,79.5,0.0,-0.8894,0.2395,0.3302,0.0,0.0,0.0,J
48.4,94.8,65.7,79.6,0.0,-0.8895,0.2388,0.328,0.0,0.0,0.0,J
48.8,94.9,67.0,79.6,0.0,-0.8925,0.2383,0.327,0.0,0.0,0.0,J
49.1,94.9,67.4,79.6,0.0,-0.8944,0.238,0.3248,0.0,0.0,0.0,J
49.2,95.0,68.5,79.5,0.0,-0.8939,0.2366,0.3235,0.0,0.0,0.0,J
49.5,95.1,69.5,79.3,0.0,-0.8946,0.236,0.3224,0.0,0.0,0.0,J
49.6,95.1,70.2,79.2,0.0,-0.8952,0.2373,0.3213,0.0,0.0,0.0,J
49.8,95.2,70.4,79.0,0.0,-0.8947,0.2369,0.3211,0.0,0.0,0.0,J
49.8,95.2,70.4,79.0,0.0,-0.8945,0.236,0.321,0.0,0.0,0.0,J
49.8,95.3,70.5,79.0,0.0,-0.8945,0.2361,0.3205,0.0,0.0,0.0,J
49.9,95.3,70.6,79.0,0.0,-0.8942,0.236,0.3205,0.0,0.0,0.0,J
49.9,95.3,70.7,79.0,0.0,-0.8932,0.2354,0.3208,0.0,0.0,0.0,J
46.8,95.2,70.7,78.9,0.0,-0.8931,0.2366,0.3198,0.0,0.0,0.0,J
47.2,95.2,70.2,78.9,0.0,-0.8932,0.2378,0.3208,0.0,0.0,0.0,J
47.3,95.2,70.0,78.8,0.0,-0.8932,0.2384,0.3219,0.0,0.0,0.0,J
47.3,95.3,69.3,78.9,0.0,-0.893,0.2388,0.3224,0.0,0.0,0.0,J
47.4,95.3,69.8,78.6,0.0,-0.8925,0.2402,0.3218,0.0,0.0,0.0,J
47.4,95.4,66.7,78.6,0.0,-0.8919,0.2395,0.3228,0.0,0.0,0.0,J
47.7,95.5,66.1,78.7,0.0,-0.8915,0.2397,0.3233,0.0,0.0,0.0,J
48.0,95.6,65.7,78.7,0.0,-0.8913,0.2408,0.3228,0.0,0.0,0.0,J
48.2,95.7,66.0,78.7,0.0,-0.8903,0.2397,0.3227,0.0,0.0,0.0,J
48.7,95.8,62.1,78.3,0.0,-0.8907,0.2415,0.324,0.0,0.0,0.0,J
49.0,95.8,62.5,78.0,0.0,-0.8919,0.2426,0.3263,0.0,0.0,0.0,J
48.8,95.9,62.7,78.1,0.0,-0.8915,0.243,0.3266,0.0,0.0,0.0,J
49.0,95.9,62.9,78.1,0.0,-0.8915,0.2426,0.3266,0.0,0.0,0.0,J
49.1,95.9,62.8,78.1,0.0,-0.8917,0.2441,0.3276,0.0,0.0,0.0,J
49.0,96.0,59.1,78.3,0.0,-0.8923,0.2449,0.3281,0.0,0.0,0.0,J
44.7,95.2,61.3,78.2,0.0,-0.8937,0.2452,0.3287,0.0,0.0,0.0,J
45.5,95.1,64.4,77.7,0.0,-0.8897,0.2455,0.3238,0.0,0.0,0.0,J
46.5,95.1,67.9,77.7,0.0,-0.8887,0.2451,0.3253,0.0,0.0,0.0,J
46.8,95.1,70.1,77.4,0.0,-0.8895,0.2465,0.3269,0.0,0.0,0.0,J
46.9,94.6,70.5,77.1,0.0,-0.8887,0.2442,0.3267,0.0,0.0,0.0,J
45.9,93.6,70.7,77.1,0.0,-0.8895,0.2449,0.3282,0.0,0.0,0.0,J
44.4,92.7,70.9,76.6,0.0,-0.8895,0.2447,0.3269,0.0,0.0,0.0,J
44.3,92.1,71.0,76.6,0.0,-0.8905,0.2445,0.3278,0.0,0.0,0.0,J
44.2,91.6,71.2,76.7,0.0,-0.8909,0.2446,0.3293,0.0,0.0,0.0,J
43.5,91.0,71.3,76.8,0.0,-0.8909,0.2434,0.3289,0.0,0.0,0.0,J
43.6,90.7,71.0,76.9,0.0,-0.8907,0.2425,0.3288,0.0,0.0,0.0,J
43.7,90.7,70.8,77.1,0.0,-0.8909,0.2431,0.328,0.0,0.0,0.0,J
43.7,90.7,70.7,77.2,0.0,-0.8906,0.2427,0.326,0.0,0.0,0.0,J
43.7,90.3,70.1,77.2,0.0,-0.891,0.2432,0.3249,0.0,0.0,0.0,J
43.7,90.2,69.4,77.3,0.0,-0.8911,0.243,0.3256,0.0,0.0,0.0,J
43.7,90.2,68.1,77.4,0.0,-0.8918,0.2434,0.3255,0.0,0.0,0.0,J
43.9,90.3,68.3,77.4,0.0,-0.891,0.245,0.3243,0.0,0.0,0.0,J
44.1,90.4,68.5,77.5,0.0,-0.8911,0.2442,0.3255,0.0,0.0,0.0,J
44.4,90.5,68.9,77.5,0.0,-0.8909,0.2454,0.3251,0.0,0.0,0.0,J
0.0,0.0,0.0,21.3,70.1,0.813,0.1283,0.6463,0.0,0.0,0.0,K
0.0,0.0,0.0,22.1,70.1,0.8126,0.1269,0.6472,0.0,0.0,0.0,K
0.0,0.0,0.0,22.5,70.1,0.8124,0.1262,0.6477,0.0,0.0,0.0,K
0.0,0.0,0.0,22.8,70.2,0.8119,0.125,0.6483,0.0,0.0,0.0,K
0.0,0.0,0.0,23.5,70.2,0.8118,0.1238,0.6486,0.0,0.0,0.0,K
0.0,0.0,0.0,23.9,70.2,0.8113,0.123,0.6497,0.0,0.0,0.0,K
0.0,0.0,0.0,23.9,70.3,0.8111,0.1219,0.6506,0.0,0.0,0.0,K
0.0,0.0,0.0,24.1,70.2,0.8104,0.1218,0.6514,0.0,0.0,0.0,K
0.0,0.0,0.0,23.6,69.5,0.8108,0.1203,0.6506,0.0,0.0,0.0,K
0.0,0.0,0.0,20.4,70.2,0.8082,0.1216,0.6526,0.0,0.0,0.0,K
0.0,0.0,0.0,14.2,70.5,0.8057,0.1209,0.6587,0.0,0.0,0.0,K
0.0,0.0,0.0,14.4,62.8,0.8068,0.1196,0.6573,0.0,0.0,0.0,K
0.0,0.0,0.0,17.3,65.7,0.8105,0.1187,0.6517,0.0,0.0,0.0,K
0.0,0.0,0.0,19.3,67.9,0.8149,0.119,0.6448,0.0,0.0,0.0,K
0.0,0.0,0.0,27.1,70.0,0.8192,0.117,0.6367,0.0,0.0,0.0,K
0.0,0.0,0.0,31.0,71.1,0.8281,0.12,0.6202,0.0,0.0,0.0,K
0.0,0.0,0.0,35.8,72.3,0.8359,0.1126,0.6109,0.0,0.0,0.0,K
0.0,0.0,0.0,45.8,73.2,0.8436,0.1114,0.5996,0.0,0.0,0.0,K
0.0,6.0,0.0,55.2,74.2,0.8517,0.1078,0.5873,0.0,0.0,0.0,K
0.0,6.0,0.0,64.2,75.1,0.8585,0.1042,0.5783,0.0,0.0,0.0,K
1.1,6.0,0.0,70.4,75.9,0.8643,0.1035,0.5699,0.0,0.0,0.0,K
2.0,20.4,0.0,71.8,76.4,0.8705,0.1014,0.5579,0.0,0.0,0.0,K
3.2,20.4,0.0,73.3,76.7,0.8733,0.1,0.5557,0.0,0.0,0.0,K
4.5,20.4,0.0,74.4,76.1,0.8765,0.0969,0.5518,0.0,0.0,0.0,K
6.0,32.9,0.0,75.3,76.2,0.8802,0.0933,0.546,0.0,0.0,0.0,K
6.6,35.1,0.0,76.2,76.7,0.8822,0.0907,0.5447,0.0,0.0,0.0,K
5.2,0.0,0.0,77.1,76.9,0.885,0.0869,0.5401,0.0,0.0,0.0,K
5.3,0.0,0.0,77.8,77.2,0.8877,0.0837,0.5371,0.0,0.0,0.0,K
6.1,0.0,0.0,78.4,77.3,0.8896,0.0813,0.5346,0.0,0.0,0.0,K
7.9,0.0,0.0,79.0,77.4,0.8914,0.0785,0.5327,0.0,0.0,0.0,K
8.9,0.0,0.0,79.6,77.4,0.8936,0.0767,0.5295,0.0,0.0,0.0,K
9.9,0.0,0.0,80.4,76.7,0.8952,0.0749,0.5274,0.0,0.0,0.0,K
10.8,0.0,0.0,81.4,76.8,0.8961,0.0737,0.5273,0.0,0.0,0.0,K
8.8,0.0,0.0,82.1,76.9,0.8972,0.0726,0.5261,0.0,0.0,0.0,K
4.9,0.0,0.0,82.9,77.0,0.8979,0.0707,0.5251,0.0,0.0,0.0,K
3.1,0.0,0.0,83.5,77.1,0.8982,0.0698,0.5246,0.0,0.0,0.0,K
3.6,0.0,0.0,84.1,77.1,0.8986,0.0681,0.524,0.0,0.0,0.0,K
4.2,0.0,0.0,84.3,77.9,0.8993,0.0677,0.5241,0.0,0.0,0.0,K
4.7,0.0,0.0,84.6,78.7,0.8992,0.0661,0.5241,0.0,0.0,0.0,K
5.1,0.0,0.0,85.0,79.3,0.899,0.0649,0.5241,0.0,0.0,0.0,K
5.4,0.0,0.0,85.3,79.9,0.8993,0.0651,0.524,0.0,0.0,0.0,K
6.0,0.0,0.0,82.6,80.8,0.8991,0.0647,0.5239,0.0,0.0,0.0,K
6.6,0.0,0.0,83.2,81.7,0.8992,0.0647,0.5237,0.0,0.0,0.0,K
7.0,0.0,0.0,83.9,82.2,0.8989,0.063,0.5245,0.0,0.0,0.0,K
7.7,0.0,0.0,84.6,81.4,0.899,0.0629,0.5248,0.0,0.0,0.0,K
4.3,0.0,0.0,85.4,81.5,0.8991,0.063,0.5251,0.0,0.0,0.0,K
2.3,0.0,0.0,86.0,81.7,0.8986,0.0621,0.5258,0.0,0.0,0.0,K
1.3,0.0,0.0,86.8,81.7,0.8983,0.0616,0.5264,0.0,0.0,0.0,K
0.9,0.0,0.0,87.3,81.4,0.8984,0.0625,0.527,0.0,0.0,0.0,K
0.5,0.0,0.0,87.9,80.8,0.8983,0.0624,0.5273,0.0,0.0,0.0,K
0.3,0.0,0.0,88.4,80.4,0.8977,0.0635,0.5284,0.0,0.0,0.0,K
0.2,0.0,0.0,88.8,80.1,0.8975,0.0629,0.5293,0.0,0.0,0.0,K
0.1,0.0,0.0,89.4,80.0,0.8971,0.0623,0.5291,0.0,0.0,0.0,K
0.5,0.0,0.0,89.8,79.9,0.8969,0.0624,0.5297,0.0,0.0,0.0,K
1.0,0.0,0.0,90.0,79.9,0.8969,0.062,0.5296,0.0,0.0,0.0,K
1.3,0.0,0.0,89.7,79.9,0.897,0.0625,0.5305,0.0,0.0,0.0,K
1.3,0.0,0.0,89.7,79.9,0.8969,0.061,0.5304,0.0,0.0,0.0,K
0.7,0.0,0.0,89.8,79.9,0.8965,0.0611,0.5314,0.0,0.0,0.0,K
0.0,0.0,75.5,77.6,74.7,0.974,-0.3211,0.0125,0.0,0.0,0.0,L
0.0,0.0,75.5,77.7,74.7,0.9735,-0.3249,0.0115,0.0,0.0,0.0,L
0.0,0.0,75.6,77.7,74.7,0.9718,-0.3273,0.0131,0.0,0.0,0.0,L
0.0,0.0,75.6,77.8,74.7,0.9742,-0.3276,0.0138,0.0,0.0,0.0,L
0.0,0.0,75.6,77.9,74.7,0.9732,-0.3298,0.0132,0.0,0.0,0.0,L
0.0,0.0,75.7,78.0,74.7,0.9727,-0.3307,0.0146,0.0,0.0,0.0,L
0.0,0.0,75.8,78.0,74.7,0.973,-0.3321,0.0136,0.0,0.0,0.0,L
0.0,0.0,75.8,78.0,74.7,0.9729,-0.3322,0.0152,0.0,0.0,0.0,L
0.0,0.0,75.9,78.0,74.7,0.9733,-0.3339,0.0152,0.0,0.0,0.0,L
0.0,0.0,75.9,77.9,74.7,0.9724,-0.3361,0.0156,0.0,0.0,0.0,L
0.0,0.0,75.9,77.6,74.5,0.9719,-0.3348,0.0165,0.0,0.0,0.0,L
0.0,0.0,75.9,76.8,74.3,0.9715,-0.3357,0.0172,0.0,0.0,0.0,L
0.0,0.0,75.9,76.7,74.3,0.9712,-0.3339,0.0192,0.0,0.0,0.0,L
0.0,0.0,75.9,76.6,74.3,0.9712,-0.3341,0.0191,0.0,0.0,0.0,L
0.0,0.0,75.9,76.5,74.2,0.971,-0.3353,0.0204,0.0,0.0,0.0,L
0.0,0.0,75.9,76.6,74.1,0.9708,-0.3362,0.0212,0.0,0.0,0.0,L
0.0,0.0,75.9,76.6,74.1,0.9716,-0.336,0.0224,0.0,0.0,0.0,L
0.0,0.0,76.0,76.6,74.0,0.9703,-0.3366,0.0211,0.0,0.0,0.0,L
0.0,0.0,76.0,76.6,73.9,0.9708,-0.3352,0.0212,0.0,0.0,0.0,L
0.0,0.0,76.0,76.7,73.8,0.9701,-0.3367,0.0219,0.0,0.0,0.0,L
0.0,0.0,75.8,76.7,73.8,0.9707,-0.3363,0.0205,0.0,0.0,0.0,L
0.0,0.0,75.8,76.7,73.9,0.9702,-0.3372,0.0205,0.0,0.0,0.0,L
0.0,0.0,75.8,76.7,73.9,0.97,-0.3367,0.0215,0.0,0.0,0.0,L
0.0,0.0,75.8,76.6,74.0,0.9694,-0.3356,0.0212,0.0,0.0,0.0,L
0.0,0.0,75.6,76.7,74.0,0.9704,-0.335,0.0196,0.0,0.0,0.0,L
0.0,0.0,75.6,76.8,74.0,0.9705,-0.3347,0.0194,0.0,0.0,0.0,L
0.0,0.0,75.6,76.9,74.1,0.9705,-0.3339,0.0175,0.0,0.0,0.0,L
0.0,0.0,75.7,76.8,74.1,0.9701,-0.3348,0.0174,0.0,0.0,0.0,L
0.0,0.0,75.7,76.7,74.0,0.9694,-0.3358,0.0162,0.0,0.0,0.0,L
0.0,0.0,75.6,76.6,73.4,0.97,-0.3379,0.0147,0.0,0.0,0.0,L
0.0,0.0,75.6,76.6,73.0,0.9696,-0.3381,0.015,0.0,0.0,0.0,L
0.0,0.0,75.6,76.6,72.7,0.9697,-0.3387,0.0152,0.0,0.0,0.0,L
0.0,0.0,75.5,76.7,72.7,0.9705,-0.3378,0.0161,0.0,0.0,0.0,L
0.0,0.0,75.4,76.8,72.7,0.9696,-0.3384,0.0184,0.0,0.0,0.0,L
0.0,0.0,75.4,76.8,72.4,0.9692,-0.3396,0.0191,0.0,0.0,0.0,L
0.0,0.0,75.2,76.9,72.3,0.9696,-0.3381,0.0197,0.0,0.0,0.0,L
0.0,0.0,75.0,76.9,72.2,0.9701,-0.3384,0.0208,0.0,0.0,0.0,L
0.0,0.0,74.8,76.9,72.3,0.9699,-0.3391,0.0202,0.0,0.0,0.0,L
0.0,0.0,74.5,76.9,72.3,0.9705,-0.3388,0.0207,0.0,0.0,0.0,L
0.0,0.0,74.4,76.9,72.4,0.9695,-0.3393,0.0208,0.0,0.0,0.0,L
0.0,0.0,74.2,77.0,72.4,0.9699,-0.3396,0.0218,0.0,0.0,0.0,L
0.0,0.0,74.4,77.0,72.4,0.97,-0.34,0.0216,0.0,0.0,0.0,L
0.0,0.0,74.5,77.0,72.4,0.9697,-0.34,0.0223,0.0,0.0,0.0,L
0.0,0.0,74.6,77.1,72.3,0.9702,-0.3386,0.0236,0.0,0.0,0.0,L
0.0,0.0,74.7,77.1,72.0,0.969,-0.3381,0.0223,0.0,0.0,0.0,L
0.0,0.0,74.8,77.0,71.7,0.9692,-0.3378,0.0236,0.0,0.0,0.0,L
0.0,0.0,74.8,76.9,71.7,0.9692,-0.3373,0.0226,0.0,0.0,0.0,L
0.0,0.0,74.9,77.0,71.4,0.9684,-0.3429,0.0197,0.0,0.0,0.0,L
0.0,0.0,75.0,76.8,71.7,0.9684,-0.3397,0.009,0.0,0.0,0.0,L
0.0,0.0,75.1,76.8,72.0,0.9682,-0.3389,-0.0051,0.0,0.0,0.0,L
0.0,0.0,74.8,76.8,72.2,0.9674,-0.3393,-0.0135,0.0,0.0,0.0,L
0.0,0.0,74.4,76.9,72.4,0.9688,-0.3319,-0.0315,0.0,0.0,0.0,L
0.0,0.0,74.4,76.9,72.6,0.9702,-0.3286,-0.0423,0.0,0.0,0.0,L
0.0,0.0,74.4,76.9,72.8,0.9724,-0.3173,-0.0501,0.0,0.0,0.0,L
0.0,0.0,74.5,77.0,72.4,0.9721,-0.3113,-0.0603,0.0,0.0,0.0,L
0.0,0.0,74.5,77.0,72.4,0.974,-0.3084,-0.0649,0.0,0.0,0.0,L
0.0,0.0,74.6,77.1,72.4,0.9767,-0.2944,-0.074,0.0,0.0,0.0,L
0.0,0.0,74.2,77.1,72.3,0.9792,-0.2825,-0.0832,0.0,0.0,0.0,L
0.0,0.0,74.1,77.2,72.3,0.9812,-0.2732,-0.0869,0.0,0.0,0.0,L
0.0,0.0,0.0,0.0,85.8,-0.9473,0.0997,0.2139,0.0,0.0,0.0,M
0.0,0.0,0.0,0.0,85.8,-0.9466,0.0925,0.2089,0.0,0.0,0.0,M
0.0,0.0,0.0,0.0,85.8,-0.9466,0.0857,0.2046,0.0,0.0,0.0,M
0.0,0.0,0.0,0.0,84.8,-0.9486,0.0787,0.2005,0.0,0.0,0.0,M
0.0,0.0,0.0,0.0,83.9,-0.9486,0.0751,0.1981,0.0,0.0,0.0,M
0.0,0.0,0.0,0.0,83.8,-0.9503,0.0696,0.1974,0.0,0.0,0.0,M
0.0,0.0,0.0,0.0,84.1,-0.9505,0.066,0.1954,0.0,0.0,0.0,M
0.0,0.0,0.0,0.0,84.5,-0.9512,0.062,0.1941,0.0,0.0,0.0,M
0.0,0.0,0.0,0.0,84.9,-0.9514,0.06,0.1923,0.0,0.0,0.0,M
0.0,0.0,0.0,0.0,85.1,-0.9527,0.0572,0.191,0.0,0.0,0.0,M
0.0,0.0,0.0,0.0,85.2,-0.9517,0.0553,0.1883,0.0,0.0,0.0,M
0.1,0.0,0.0,0.0,85.2,-0.9526,0.0531,0.1872,0.0,0.0,0.0,M
0.1,0.0,0.0,0.0,85.3,-0.9521,0.0497,0.1838,0.0,0.0,0.0,M
0.1,0.0,0.0,0.0,84.7,-0.9541,0.047,0.1861,0.0,0.0,0.0,M
0.0,0.0,0.0,0.0,84.6,-0.9537,0.0432,0.1831,0.0,0.0,0.0,M
0.0,0.0,0.0,0.0,84.6,-0.954,0.0404,0.18,0.0,0.0,0.0,M
0.0,0.0,0.0,0.0,84.6,-0.9549,0.0363,0.1774,0.0,0.0,0.0,M
0.0,0.0,0.0,0.0,84.5,-0.9556,0.0328,0.1758,0.0,0.0,0.0,M
0.0,0.0,0.0,0.0,84.1,-0.9549,0.028,0.1759,0.0,0.0,0.0,M
0.0,0.0,0.0,0.0,83.9,-0.9532,0.0231,0.1756,0.0,0.0,0.0,M
0.0,0.0,0.0,0.0,83.9,-0.953,0.0185,0.1718,0.0,0.0,0.0,M
0.0,0.0,0.0,0.0,84.2,-0.9552,0.0187,0.1696,0.0,0.0,0.0,M
0.0,0.0,0.0,0.0,84.4,-0.9536,0.0142,0.1659,0.0,0.0,0.0,M
0.0,0.0,0.0,0.0,84.2,-0.9538,0.0137,0.1641,0.0,0.0,0.0,M
0.0,0.0,0.0,0.0,84.0,-0.9545,0.0125,0.1617,0.0,0.0,0.0,M
0.0,0.0,0.0,0.0,84.2,-0.9573,0.0118,0.1604,0.0,0.0,0.0,M
0.0,0.0,0.0,0.0,84.2,-0.9588,0.0086,0.1614,0.0,0.0,0.0,M
0.0,0.0,0.0,0.0,84.2,-0.9576,0.0085,0.1586,0.0,0.0,0.0,M
0.0,0.0,0.0,0.0,83.7,-0.9584,0.0073,0.1583,0.0,0.0,0.0,M
0.0,0.0,0.0,0.0,83.7,-0.9582,0.0075,0.1566,0.0,0.0,0.0,M
0.0,0.0,0.0,0.0,83.3,-0.9609,0.0092,0.1568,0.0,0.0,0.0,M
0.0,0.0,0.0,0.0,83.3,-0.9604,0.0085,0.1553,0.0,0.0,0.0,M
0.0,0.0,0.0,0.0,82.4,-0.9592,0.0078,0.154,0.0,0.0,0.0,M
0.0,0.0,0.0,0.0,80.2,-0.9583,0.0075,0.1535,0.0,0.0,0.0,M
0.0,0.0,0.0,0.0,79.0,-0.9595,0.007,0.1531,0.0,0.0,0.0,M
0.0,0.0,0.0,0.0,79.1,-0.9605,0.0056,0.1536,0.0,0.0,0.0,M
0.0,0.0,0.0,0.0,79.2,-0.9601,0.0063,0.1529,0.0,0.0,0.0,M
0.0,0.0,0.0,0.0,78.7,-0.959,0.0052,0.1522,0.0,0.0,0.0,M
0.0,0.0,0.0,0.0,78.0,-0.9597,0.0051,0.1523,0.0,0.0,0.0,M
0.0,0.0,0.0,0.0,78.1,-0.9608,0.0069,0.1517,0.0,0.0,0.0,M
0.0,0.0,0.0,0.0,78.4,-0.9598,0.0067,0.1514,0.0,0.0,0.0,M
0.0,0.0,0.0,0.5,78.8,-0.9594,0.0062,0.1515,0.0,0.0,0.0,M
0.0,0.0,0.0,0.9,79.0,-0.9584,0.0066,0.1512,0.0,0.0,0.0,M
0.0,0.0,0.0,0.5,79.5,-0.9589,0.0045,0.1515,0.0,0.0,0.0,M
0.0,0.0,0.0,0.3,80.3,-0.9594,0.0054,0.1511,0.0,0.0,0.0,M
0.0,0.0,0.0,0.1,81.5,-0.9584,0.0063,0.1498,0.0,0.0,0.0,M
0.0,0.0,0.0,0.1,82.5,-0.9586,0.0078,0.1494,0.0,0.0,0.0,M
0.0,0.0,0.0,0.1,83.5,-0.9582,0.0093,0.1481,0.0,0.0,0.0,M
0.0,0.0,0.0,0.0,84.5,-0.9586,0.0108,0.1486,0.0,0.0,0.0,M
0.0,0.0,0.0,0.0,85.5,-0.9588,0.0106,0.1462,0.0,0.0,0.0,M
0.0,0.0,0.0,0.0,86.5,-0.959,0.0134,0.1495,0.0,0.0,0.0,M
0.0,0.0,0.0,0.0,87.4,-0.959,0.0105,0.1491,0.0,0.0,0.0,M
0.0,0.0,0.0,0.0,88.0,-0.9582,0.0119,0.1509,0.0,0.0,0.0,M
0.0,0.0,0.0,0.0,88.3,-0.9581,0.0126,0.1515,0.0,0.0,0.0,M
0.0,0.0,0.0,0.0,88.6,-0.9571,0.0124,0.1525,0.0,0.0,0.0,M
0.0,0.0,0.0,0.0,88.9,-0.9583,0.0121,0.1525,0.0,0.0,0.0,M
0.0,0.0,0.0,0.0,89.4,-0.9578,0.0116,0.1504,0.0,0.0,0.0,M
0.0,0.0,0.0,0.0,89.8,-0.9574,0.0138,0.1513,0.0,0.0,0.0,M
0.0,0.0,0.0,77.4,78.1,-0.9209,0.0588,0.3256,0.0,0.0,0.0,N
0.0,0.0,0.0,76.9,78.1,-0.9213,0.0573,0.3236,0.0,0.0,0.0,N
0.0,0.0,0.0,76.9,78.1,-0.9217,0.0551,0.3223,0.0,0.0,0.0,N
0.0,0.0,0.0,76.9,78.1,-0.922,0.0528,0.3215,0.0,0.0,0.0,N
0.0,0.0,0.0,76.3,78.1,-0.9222,0.0519,0.319,0.0,0.0,0.0,N
0.0,0.0,0.0,76.3,77.7,-0.9225,0.0496,0.3185,0.0,0.0,0.0,N
0.0,0.0,0.0,76.3,77.6,-0.9233,0.0491,0.3168,0.0,0.0,0.0,N
0.0,0.0,0.0,76.6,77.7,-0.9236,0.0477,0.3151,0.0,0.0,0.0,N
0.0,0.0,0.0,76.8,77.7,-0.9236,0.0462,0.3124,0.0,0.0,0.0,N
0.0,0.0,0.0,76.9,77.6,-0.9236,0.0458,0.3115,0.0,0.0,0.0,N
0.0,0.0,0.0,77.1,77.7,-0.9235,0.0459,0.3096,0.0,0.0,0.0,N
0.0,0.0,0.0,77.3,77.8,-0.9238,0.0455,0.3089,0.0,0.0,0.0,N
0.0,0.0,0.0,77.5,77.8,-0.9236,0.0464,0.3077,0.0,0.0,0.0,N
0.0,0.0,0.0,77.5,78.0,-0.9238,0.0464,0.3069,0.0,0.0,0.0,N
0.0,0.0,0.0,77.7,78.1,-0.9242,0.0454,0.3075,0.0,0.0,0.0,N
0.0,0.0,0.0,77.8,78.2,-0.9249,0.0447,0.3079,0.0,0.0,0.0,N
0.0,0.0,0.0,78.0,78.3,-0.9248,0.0431,0.3082,0.0,0.0,0.0,N
0.0,0.0,0.0,78.1,78.4,-0.924,0.0429,0.3079,0.0,0.0,0.0,N
0.0,0.0,0.0,78.2,78.4,-0.926,0.0428,0.3077,0.0,0.0,0.0,N
0.0,0.0,0.0,78.1,78.5,-0.9257,0.043,0.3069,0.0,0.0,0.0,N
0.0,0.0,0.0,78.1,77.3,-0.9263,0.0428,0.3062,0.0,0.0,0.0,N
0.0,0.0,0.0,77.4,77.4,-0.9273,0.0416,0.3066,0.0,0.0,0.0,N
0.0,0.0,0.0,77.1,77.5,-0.9289,0.0417,0.3059,0.0,0.0,0.0,N
0.0,0.0,0.0,77.1,77.5,-0.9277,0.0374,0.3029,0.0,0.0,0.0,N
0.0,0.0,0.0,77.0,77.5,-0.9287,0.0335,0.3021,0.0,0.0,0.0,N
0.0,0.0,0.0,77.1,77.5,-0.929,0.0299,0.302,0.0,0.0,0.0,N
0.0,0.0,0.0,76.8,77.6,-0.9296,0.027,0.2998,0.0,0.0,0.0,N
0.0,0.0,0.0,76.9,77.7,-0.9298,0.0225,0.298,0.0,0.0,0.0,N
0.0,0.0,0.0,76.8,77.8,-0.9304,0.019,0.296,0.0,0.0,0.0,N
0.0,0.0,0.0,76.9,77.9,-0.9305,0.0132,0.2935,0.0,0.0,0.0,N
0.0,0.0,0.0,76.9,78.0,-0.9278,0.0088,0.2926,0.0,0.0,0.0,N
0.0,0.0,0.0,76.9,78.1,-0.932,0.0107,0.2905,0.0,0.0,0.0,N
0.0,0.0,0.0,77.0,78.1,-0.9338,0.0076,0.2907,0.0,0.0,0.0,N
0.0,0.0,0.0,76.9,78.2,-0.9325,0.007,0.2862,0.0,0.0,0.0,N
0.0,0.0,0.0,76.9,78.0,-0.9296,0.0038,0.2881,0.0,0.0,0.0,N
0.0,0.0,0.0,76.9,78.1,-0.9324,0.0059,0.2878,0.0,0.0,0.0,N
0.0,0.0,0.0,76.9,78.2,-0.9328,0.0059,0.2883,0.0,0.0,0.0,N
0.0,0.0,0.0,76.9,78.3,-0.9324,0.0064,0.2894,0.0,0.0,0.0,N
0.0,0.0,0.0,77.0,78.3,-0.9328,0.0069,0.2892,0.0,0.0,0.0,N
0.0,0.0,0.0,77.0,78.3,-0.9319,0.0051,0.2884,0.0,0.0,0.0,N
0.0,0.0,0.0,77.0,78.4,-0.9303,0.0027,0.2884,0.0,0.0,0.0,N
0.0,0.0,0.0,77.1,78.5,-0.9296,0.0035,0.2897,0.0,0.0,0.0,N
0.0,0.0,0.0,76.7,78.6,-0.9321,0.003,0.2913,0.0,0.0,0.0,N
0.0,0.0,0.0,76.4,78.0,-0.9318,0.0015,0.2928,0.0,0.0,0.0,N
0.0,0.0,0.0,76.4,77.4,-0.9317,0.0031,0.2923,0.0,0.0,0.0,N
0.0,0.0,0.0,76.4,77.0,-0.9324,0.0047,0.2916,0.0,0.0,0.0,N
0.0,0.0,0.0,76.4,76.4,-0.9349,0.0015,0.2924,0.0,0.0,0.0,N
0.0,0.0,0.0,76.5,76.7,-0.9315,0.0052,0.2925,0.0,0.0,0.0,N
0.0,0.0,0.0,76.6,76.9,-0.9312,0.0019,0.293,0.0,0.0,0.0,N
0.0,0.0,0.0,76.8,77.2,-0.9312,0.0027,0.2909,0.0,0.0,0.0,N
0.0,0.0,0.0,76.9,77.4,-0.9315,0.0012,0.2926,0.0,0.0,0.0,N
0.0,0.0,0.0,77.0,77.5,-0.9304,0.0022,0.291,0.0,0.0,0.0,N
0.0,0.0,0.0,77.0,77.7,-0.9318,0.0041,0.2912,0.0,0.0,0.0,N
0.0,0.0,0.0,77.0,77.8,-0.9334,0.0044,0.29,0.0,0.0,0.0,N
0.0,0.0,0.0,77.1,77.9,-0.9327,0.0044,0.2882,0.0,0.0,0.0,N
0.0,0.0,0.0,77.2,77.9,-0.9336,0.005,0.2874,0.0,0.0,0.0,N
0.0,0.0,0.0,77.2,78.0,-0.9333,0.0053,0.2877,0.0,0.0,0.0,N
0.0,0.0,0.0,77.2,78.1,-0.9325,0.0056,0.2863,0.0,0.0,0.0,N
49.2,100.0,53.7,62.5,35.3,0.9708,-0.2762,0.219,0.0,0.0,0.0,O
49.2,100.0,52.4,62.3,35.2,0.9708,-0.2768,0.2214,0.0,0.0,0.0,O
49.3,100.0,52.8,62.2,34.7,0.9703,-0.2776,0.2212,0.0,0.0,0.0,O
49.3,100.0,52.3,60.8,34.4,0.97,-0.2786,0.2212,0.0,0.0,0.0,O
49.3,100.0,51.9,60.3,34.1,0.9699,-0.2803,0.2214,0.0,0.0,0.0,O
49.4,100.0,51.7,59.5,33.5,0.9698,-0.2809,0.2232,0.0,0.0,0.0,O
50.0,100.0,51.8,59.5,33.6,0.9694,-0.2815,0.2234,0.0,0.0,0.0,O
50.5,100.0,51.9,59.6,33.6,0.9685,-0.2824,0.2252,0.0,0.0,0.0,O
50.8,100.0,51.9,59.7,33.2,0.9685,-0.2827,0.2251,0.0,0.0,0.0,O
46.9,100.0,52.1,58.7,33.2,0.9685,-0.2828,0.2258,0.0,0.0,0.0,O
45.4,100.0,52.1,57.9,33.4,0.9679,-0.2837,0.2263,0.0,0.0,0.0,O
44.8,100.0,52.1,57.3,33.4,0.9677,-0.2853,0.2274,0.0,0.0,0.0,O
44.3,100.0,52.2,57.0,33.3,0.9673,-0.2863,0.2261,0.0,0.0,0.0,O
44.1,100.0,52.4,57.5,33.3,0.9672,-0.2864,0.2272,0.0,0.0,0.0,O
44.0,100.0,52.7,56.7,33.5,0.9672,-0.2869,0.2277,0.0,0.0,0.0,O
44.0,100.0,52.8,56.7,33.6,0.9672,-0.2866,0.2275,0.0,0.0,0.0,O
44.0,100.0,52.9,57.0,33.7,0.9671,-0.2868,0.2273,0.0,0.0,0.0,O
43.9,100.0,52.9,57.0,33.5,0.967,-0.2877,0.2267,0.0,0.0,0.0,O
44.0,100.0,53.0,57.2,33.8,0.9668,-0.2884,0.2274,0.0,0.0,0.0,O
43.9,100.0,53.1,57.3,34.1,0.9664,-0.2894,0.2281,0.0,0.0,0.0,O
43.8,100.0,52.8,57.3,34.5,0.9662,-0.2897,0.2271,0.0,0.0,0.0,O
43.8,100.0,52.7,57.2,34.5,0.9661,-0.2909,0.2282,0.0,0.0,0.0,O
43.8,100.0,52.6,57.1,34.7,0.9663,-0.2906,0.228,0.0,0.0,0.0,O
43.8,100.0,52.7,57.2,34.7,0.9663,-0.2914,0.2277,0.0,0.0,0.0,O
43.7,100.0,52.8,57.4,33.7,0.9656,-0.2922,0.2281,0.0,0.0,0.0,O
43.7,100.0,52.6,57.5,33.8,0.9652,-0.2929,0.2285,0.0,0.0,0.0,O
43.7,100.0,52.6,57.5,33.9,0.9656,-0.2923,0.2294,0.0,0.0,0.0,O
43.7,100.0,52.7,57.4,33.7,0.9658,-0.2919,0.2284,0.0,0.0,0.0,O
43.7,100.0,52.8,57.5,34.1,0.9661,-0.2911,0.228,0.0,0.0,0.0,O
43.7,100.0,53.0,56.3,34.3,0.9656,-0.2908,0.2309,0.0,0.0,0.0,O
43.7,100.0,53.3,56.0,33.5,0.966,-0.2905,0.2309,0.0,0.0,0.0,O
43.7,100.0,53.6,55.6,33.8,0.966,-0.2913,0.2308,0.0,0.0,0.0,O
43.7,100.0,53.8,55.8,34.0,0.9662,-0.2891,0.2315,0.0,0.0,0.0,O
43.6,100.0,54.1,56.0,34.1,0.9653,-0.2918,0.2335,0.0,0.0,0.0,O
43.6,100.0,54.4,56.1,34.2,0.9646,-0.2931,0.2344,0.0,0.0,0.0,O
43.6,100.0,54.7,56.2,34.7,0.9645,-0.293,0.2353,0.0,0.0,0.0,O
43.7,100.0,55.0,56.5,35.2,0.9638,-0.2946,0.2361,0.0,0.0,0.0,O
43.8,100.0,52.7,56.8,35.2,0.9635,-0.2955,0.2362,0.0,0.0,0.0,O
43.9,100.0,52.9,57.0,35.5,0.9636,-0.2957,0.236,0.0,0.0,0.0,O
43.9,100.0,53.3,57.2,35.8,0.9632,-0.2974,0.234,0.0,0.0,0.0,O
44.0,100.0,53.5,57.5,36.1,0.9628,-0.3006,0.2299,0.0,0.0,0.0,O
44.2,100.0,53.8,57.9,36.3,0.963,-0.2992,0.231,0.0,0.0,0.0,O
44.1,100.0,54.0,58.0,36.4,0.9629,-0.3004,0.2288,0.0,0.0,0.0,O
44.2,100.0,54.2,58.2,35.9,0.962,-0.3018,0.2316,0.0,0.0,0.0,O
44.3,100.0,54.3,58.2,36.2,0.9612,-0.3033,0.2323,0.0,0.0,0.0,O
44.4,100.0,54.5,58.6,36.4,0.9602,-0.3055,0.2313,0.0,0.0,0.0,O
44.4,100.0,54.6,58.8,36.7,0.9598,-0.3076,0.2293,0.0,0.0,0.0,O
44.5,100.0,54.7,57.9,37.0,0.9592,-0.3097,0.2337,0.0,0.0,0.0,O
44.5,100.0,52.7,57.2,36.7,0.9591,-0.31,0.2356,0.0,0.0,0.0,O
44.5,100.0,51.5,57.1,36.3,0.9584,-0.3116,0.2368,0.0,0.0,0.0,O
44.6,100.0,50.9,57.2,36.3,0.9572,-0.3137,0.2368,0.0,0.0,0.0,O
44.6,100.0,50.5,57.8,36.9,0.9579,-0.3101,0.2368,0.0,0.0,0.0,O
42.7,100.0,49.0,56.8,34.7,0.9589,-0.3065,0.2331,0.0,0.0,0.0,O
40.1,100.0,49.1,56.3,34.8,0.9579,-0.3103,0.2364,0.0,0.0,0.0,O
38.2,100.0,48.7,56.9,35.8,0.9586,-0.3046,0.2418,0.0,0.0,0.0,O
36.6,100.0,48.3,56.3,36.4,0.959,-0.3028,0.2468,0.0,0.0,0.0,O
35.0,100.0,47.1,56.4,37.1,0.9601,-0.2988,0.2471,0.0,0.0,0.0,O
34.5,100.0,45.9,56.4,37.3,0.9608,-0.2954,0.2496,0.0,0.0,0.0,O
56.6,0.0,0.0,0.0,76.8,0.9989,-0.0714,-0.1859,0.0,0.0,0.0,P
56.5,0.0,0.0,0.0,76.7,0.9998,-0.0723,-0.1841,0.0,0.0,0.0,P
56.5,0.0,0.0,0.0,76.9,0.9995,-0.0724,-0.1837,0.0,0.0,0.0,P
56.5,0.0,0.0,0.0,77.1,0.9995,-0.0729,-0.1825,0.0,0.0,0.0,P
56.4,0.0,0.0,0.0,77.2,1.0012,-0.0753,-0.1821,0.0,0.0,0.0,P
56.4,0.0,0.0,0.0,77.3,1.0024,-0.0764,-0.183,0.0,0.0,0.0,P
56.4,0.0,0.0,0.0,77.3,1.0028,-0.0768,-0.1822,0.0,0.0,0.0,P
56.4,0.0,0.0,0.0,77.3,1.002,-0.0765,-0.1812,0.0,0.0,0.0,P
56.4,0.0,0.0,0.0,77.4,1.0041,-0.0772,-0.1804,0.0,0.0,0.0,P
56.5,0.0,0.0,0.0,77.4,1.0045,-0.0778,-0.1794,0.0,0.0,0.0,P
56.7,0.0,0.0,0.0,77.3,1.003,-0.0788,-0.1783,0.0,0.0,0.0,P
56.9,0.0,0.0,0.0,76.6,1.0017,-0.0781,-0.1777,0.0,0.0,0.0,P
57.0,0.0,0.0,0.0,76.8,1.002,-0.08,-0.1778,0.0,0.0,0.0,P
56.8,0.0,0.0,0.0,76.9,0.999,-0.0773,-0.1792,0.0,0.0,0.0,P
56.9,0.0,0.0,0.0,77.2,0.9992,-0.0798,-0.1801,0.0,0.0,0.0,P
57.2,0.0,0.0,0.0,77.5,0.9994,-0.0831,-0.1787,0.0,0.0,0.0,P
57.5,0.0,0.0,0.0,77.5,1.0004,-0.0834,-0.1779,0.0,0.0,0.0,P
57.8,0.0,0.0,0.0,77.7,1.0017,-0.0852,-0.1773,0.0,0.0,0.0,P
58.0,0.0,0.0,0.0,77.7,1.0045,-0.088,-0.1756,0.0,0.0,0.0,P
58.2,0.0,0.0,0.0,77.8,1.0031,-0.0868,-0.1745,0.0,0.0,0.0,P
58.4,0.0,0.0,0.0,78.1,1.0028,-0.087,-0.1745,0.0,0.0,0.0,P
58.6,0.0,0.0,0.0,78.3,1.0037,-0.0884,-0.1741,0.0,0.0,0.0,P
58.8,0.0,0.0,0.0,78.6,1.0025,-0.0871,-0.173,0.0,0.0,0.0,P
59.0,0.0,0.0,0.0,77.9,1.0024,-0.0859,-0.1734,0.0,0.0,0.0,P
59.1,0.0,0.0,0.0,77.8,1.004,-0.0853,-0.1727,0.0,0.0,0.0,P
59.2,0.0,0.0,0.0,77.6,1.004,-0.0846,-0.1718,0.0,0.0,0.0,P
59.2,0.0,0.0,0.0,76.7,1.0035,-0.0827,-0.1706,0.0,0.0,0.0,P
59.3,0.0,0.0,0.0,76.1,1.0043,-0.0816,-0.1713,0.0,0.0,0.0,P
59.3,0.0,0.0,0.0,75.6,1.0038,-0.0799,-0.1694,0.0,0.0,0.0,P
59.4,0.0,0.0,0.0,75.3,1.0043,-0.0793,-0.1692,0.0,0.0,0.0,P
59.4,0.0,0.0,0.0,75.1,1.0041,-0.0786,-0.1698,0.0,0.0,0.0,P
59.5,0.0,0.0,0.0,75.1,1.0058,-0.079,-0.1693,0.0,0.0,0.0,P
59.5,0.0,0.0,0.0,75.2,1.0045,-0.0794,-0.1695,0.0,0.0,0.0,P
59.6,0.0,0.0,0.0,75.3,1.006,-0.0802,-0.17,0.0,0.0,0.0,P
59.6,0.0,0.0,0.0,75.3,1.0061,-0.0797,-0.1705,0.0,0.0,0.0,P
59.6,0.0,0.0,0.0,75.5,1.0048,-0.08,-0.173,0.0,0.0,0.0,P
59.6,0.0,0.0,0.0,75.5,1.005,-0.0806,-0.1749,0.0,0.0,0.0,P
59.6,0.0,0.0,0.0,75.8,1.005,-0.0798,-0.175,0.0,0.0,0.0,P
59.5,0.0,0.0,0.0,76.1,1.0051,-0.0811,-0.1756,0.0,0.0,0.0,P
59.5,0.0,0.0,0.0,76.3,1.0048,-0.0813,-0.1763,0.0,0.0,0.0,P
59.5,0.0,0.0,0.0,76.5,1.0044,-0.0819,-0.176,0.0,0.0,0.0,P
59.5,0.0,0.0,0.0,76.8,1.0059,-0.0819,-0.1759,0.0,0.0,0.0,P
59.5,0.0,0.0,0.0,76.9,1.0046,-0.081,-0.1754,0.0,0.0,0.0,P
59.5,0.0,0.0,0.0,77.5,1.0052,-0.0798,-0.1755,0.0,0.0,0.0,P
59.5,0.0,0.0,0.0,78.0,1.0057,-0.0789,-0.1757,0.0,0.0,0.0,P
59.5,0.0,0.0,0.0,78.4,1.0052,-0.0783,-0.1753,0.0,0.0,0.0,P
59.6,0.0,0.0,0.0,78.7,1.0057,-0.0773,-0.1756,0.0,0.0,0.0,P
59.6,0.0,0.0,0.0,79.1,1.0062,-0.0775,-0.1748,0.0,0.0,0.0,P
59.6,0.0,0.0,0.0,79.2,1.0052,-0.0775,-0.1739,0.0,0.0,0.0,P
59.6,0.0,0.0,0.0,79.4,1.0065,-0.0781,-0.1756,0.0,0.0,0.0,P
59.6,0.0,0.0,0.0,79.5,1.007,-0.0769,-0.1748,0.0,0.0,0.0,P
59.6,0.0,0.0,0.0,79.6,1.0065,-0.077,-0.1736,0.0,0.0,0.0,P
59.3,0.0,0.0,0.0,79.7,1.0061,-0.0759,-0.1743,0.0,0.0,0.0,P
59.4,0.0,0.0,0.0,79.7,1.0056,-0.0743,-0.1746,0.0,0.0,0.0,P
59.4,0.0,0.0,0.0,79.8,1.0062,-0.0735,-0.1743,0.0,0.0,0.0,P
59.4,0.0,0.0,0.0,78.9,1.0062,-0.0717,-0.173,0.0,0.0,0.0,P
59.3,0.0,0.0,0.0,79.2,1.0063,-0.0714,-0.1734,0.0,0.0,0.0,P
59.3,0.0,0.0,0.0,79.4,1.0065,-0.0714,-0.1746,0.0,0.0,0.0,P
30.1,50.1,71.2,73.2,88.4,-0.0642,0.5137,-0.8245,0.0,0.0,0.0,Q
29.8,50.1,71.2,73.3,88.5,-0.0655,0.5142,-0.8238,0.0,0.0,0.0,Q
29.1,50.2,71.3,73.4,88.5,-0.066,0.5148,-0.824,0.0,0.0,0.0,Q
28.8,50.2,71.5,73.4,88.6,-0.0659,0.5133,-0.8258,0.0,0.0,0.0,Q
28.6,50.2,71.5,73.5,88.6,-0.0652,0.5126,-0.8255,0.0,0.0,0.0,Q
28.8,49.7,71.6,73.7,88.7,-0.065,0.5119,-0.8253,0.0,0.0,0.0,Q
27.8,49.3,71.5,73.8,88.8,-0.0635,0.511,-0.8254,0.0,0.0,0.0,Q
27.8,49.0,71.5,74.0,88.9,-0.0632,0.5119,-0.8247,0.0,0.0,0.0,Q
28.1,48.9,71.6,74.1,88.9,-0.0627,0.5121,-0.8248,0.0,0.0,0.0,Q
28.4,48.8,71.5,74.2,88.9,-0.0625,0.5142,-0.8238,0.0,0.0,0.0,Q
28.5,46.6,71.5,74.4,88.3,-0.0619,0.5139,-0.8227,0.0,0.0,0.0,Q
27.8,45.5,71.6,74.5,88.1,-0.0608,0.5147,-0.823,0.0,0.0,0.0,Q
27.9,45.0,71.7,74.5,87.9,-0.0603,0.515,-0.8223,0.0,0.0,0.0,Q
27.3,44.6,71.7,74.6,88.0,-0.0588,0.5158,-0.8228,0.0,0.0,0.0,Q
27.4,44.5,71.8,74.7,87.9,-0.0583,0.5163,-0.8222,0.0,0.0,0.0,Q
27.4,44.5,71.9,74.7,87.8,-0.058,0.5169,-0.8222,0.0,0.0,0.0,Q
27.2,44.6,71.9,74.8,87.7,-0.0583,0.5175,-0.8223,0.0,0.0,0.0,Q
27.3,44.7,71.9,74.9,87.4,-0.0559,0.5184,-0.8221,0.0,0.0,0.0,Q
27.3,44.9,72.0,74.9,87.2,-0.0535,0.5172,-0.8223,0.0,0.0,0.0,Q
27.4,45.2,72.1,74.9,87.2,-0.0531,0.5184,-0.8212,0.0,0.0,0.0,Q
27.4,45.4,71.9,75.0,87.3,-0.0506,0.5191,-0.8219,0.0,0.0,0.0,Q
27.4,45.6,71.8,75.0,87.3,-0.0497,0.5196,-0.8217,0.0,0.0,0.0,Q
27.4,45.9,71.8,75.0,87.3,-0.0481,0.5194,-0.8217,0.0,0.0,0.0,Q
27.9,46.1,71.9,75.0,87.2,-0.0466,0.5201,-0.8217,0.0,0.0,0.0,Q
27.7,46.4,72.0,75.0,87.3,-0.0457,0.521,-0.8212,0.0,0.0,0.0,Q
27.6,46.6,71.7,75.1,87.4,-0.0445,0.5221,-0.8214,0.0,0.0,0.0,Q
27.3,46.9,71.2,75.1,87.4,-0.0438,0.523,-0.8208,0.0,0.0,0.0,Q
27.3,47.1,71.1,75.1,87.5,-0.0423,0.5239,-0.8202,0.0,0.0,0.0,Q
26.8,47.2,71.2,75.1,87.7,-0.0419,0.524,-0.8192,0.0,0.0,0.0,Q
27.2,47.4,71.3,75.1,87.7,-0.041,0.525,-0.8195,0.0,0.0,0.0,Q
26.4,47.4,71.4,75.1,87.8,-0.0408,0.5255,-0.819,0.0,0.0,0.0,Q
26.5,47.4,71.4,75.2,86.4,-0.04,0.5287,-0.8186,0.0,0.0,0.0,Q
26.5,47.3,71.4,75.2,86.5,-0.0401,0.5301,-0.8184,0.0,0.0,0.0,Q
27.1,47.3,71.6,75.2,86.6,-0.0396,0.5292,-0.8181,0.0,0.0,0.0,Q
27.5,47.2,71.6,75.2,86.8,-0.0391,0.5301,-0.8181,0.0,0.0,0.0,Q
27.7,47.0,71.4,75.3,86.9,-0.0391,0.5295,-0.8181,0.0,0.0,0.0,Q
28.0,47.0,71.3,75.1,87.0,-0.0388,0.5299,-0.8179,0.0,0.0,0.0,Q
28.2,46.9,71.1,75.1,87.1,-0.0375,0.5301,-0.818,0.0,0.0,0.0,Q
28.1,46.9,71.2,75.0,87.2,-0.0373,0.5306,-0.8178,0.0,0.0,0.0,Q
28.4,46.8,71.3,75.0,87.3,-0.0373,0.5313,-0.8174,0.0,0.0,0.0,Q
28.6,46.6,71.4,74.6,87.4,-0.0365,0.5312,-0.8169,0.0,0.0,0.0,Q
29.3,46.5,71.6,74.5,87.4,-0.0352,0.531,-0.8173,0.0,0.0,0.0,Q
29.7,46.7,71.7,74.5,87.5,-0.0346,0.532,-0.8162,0.0,0.0,0.0,Q
30.1,47.2,71.8,74.5,87.7,-0.0333,0.5316,-0.8159,0.0,0.0,0.0,Q
29.2,47.7,71.9,74.4,87.7,-0.0333,0.5324,-0.816,0.0,0.0,0.0,Q
29.2,48.4,71.3,74.4,87.7,-0.0331,0.5319,-0.8158,0.0,0.0,0.0,Q
28.8,49.2,71.2,74.4,87.4,-0.0328,0.5335,-0.8149,0.0,0.0,0.0,Q
29.2,50.1,71.1,74.5,87.0,-0.0324,0.5337,-0.8139,0.0,0.0,0.0,Q
29.4,51.0,70.6,74.5,86.5,-0.0321,0.5338,-0.814,0.0,0.0,0.0,Q
29.6,51.9,70.4,74.5,86.1,-0.0315,0.5348,-0.8149,0.0,0.0,0.0,Q
29.5,52.7,69.9,74.6,85.8,-0.0312,0.5346,-0.8148,0.0,0.0,0.0,Q
29.5,53.5,69.3,74.5,85.7,-0.0311,0.5338,-0.8155,0.0,0.0,0.0,Q
28.9,54.3,69.5,74.4,85.4,-0.0309,0.5332,-0.8148,0.0,0.0,0.0,Q
28.2,55.0,68.5,74.4,85.0,-0.0323,0.528,-0.8157,0.0,0.0,0.0,Q
27.4,55.6,68.9,74.4,84.8,-0.0343,0.5213,-0.8177,0.0,0.0,0.0,Q
27.4,55.8,69.4,74.4,82.6,-0.0384,0.5103,-0.8251,0.0,0.0,0.0,Q
24.6,56.0,69.9,74.4,80.1,-0.0424,0.4969,-0.8308,0.0,0.0,0.0,Q
22.8,56.3,70.1,74.4,80.6,-0.048,0.4819,-0.8391,0.0,0.0,0.0,Q
-60.0,43.7,19.6,85.4,77.3,0.9008,-0.0502,-0.4633,0.0,0.0,0.0,R
60.0,43.9,19.0,85.5,77.3,0.901,-0.0494,-0.4633,0.0,0.0,0.0,R
60.1,44.1,18.9,85.7,77.3,0.9001,-0.0506,-0.463,0.0,0.0,0.0,R
60.0,44.2,18.8,85.8,77.3,0.8994,-0.0489,-0.4625,0.0,0.0,0.0,R
59.9,44.3,18.8,85.9,77.3,0.8993,-0.0497,-0.4649,0.0,0.0,0.0,R
60.0,44.3,18.7,86.0,77.3,0.8999,-0.0491,-0.4654,0.0,0.0,0.0,R
59.8,44.1,18.5,86.1,77.3,0.8987,-0.0483,-0.4651,0.0,0.0,0.0,R
59.7,44.0,18.6,86.2,77.3,0.8992,-0.0484,-0.4657,0.0,0.0,0.0,R
59.7,43.9,18.5,85.8,77.2,0.8983,-0.0476,-0.466,0.0,0.0,0.0,R
59.6,43.9,18.5,85.5,77.2,0.8981,-0.0494,-0.4671,0.0,0.0,0.0,R
59.6,43.9,18.7,85.3,77.3,0.899,-0.0487,-0.4665,0.0,0.0,0.0,R
59.7,44.0,18.7,85.3,77.3,0.8987,-0.049,-0.4671,0.0,0.0,0.0,R
59.6,44.0,18.7,85.2,77.3,0.8981,-0.0486,-0.4663,0.0,0.0,0.0,R
59.6,44.1,18.7,85.2,77.3,0.8982,-0.049,-0.4667,0.0,0.0,0.0,R
59.6,44.1,18.8,84.4,76.9,0.8974,-0.0492,-0.4663,0.0,0.0,0.0,R
59.6,44.2,18.2,84.1,76.7,0.8988,-0.0486,-0.4659,0.0,0.0,0.0,R
59.6,44.4,18.2,84.1,76.6,0.8982,-0.0491,-0.4664,0.0,0.0,0.0,R
59.6,44.5,18.2,84.1,76.5,0.8978,-0.0498,-0.4666,0.0,0.0,0.0,R
59.6,44.5,18.3,84.2,76.5,0.8976,-0.05,-0.4667,0.0,0.0,0.0,R
59.2,44.6,18.4,84.2,76.5,0.8976,-0.0497,-0.4658,0.0,0.0,0.0,R
59.2,44.7,18.5,84.2,76.5,0.8976,-0.0495,-0.4662,0.0,0.0,0.0,R
59.1,44.5,18.6,84.2,76.6,0.8979,-0.05,-0.4666,0.0,0.0,0.0,R
59.1,44.4,18.7,84.2,76.6,0.897,-0.0495,-0.4659,0.0,0.0,0.0,R
59.2,44.4,18.8,84.2,76.6,0.8964,-0.0503,-0.4652,0.0,0.0,0.0,R
59.2,44.4,18.8,84.3,76.5,0.8969,-0.0506,-0.4652,0.0,0.0,0.0,R
59.2,44.5,18.8,84.3,76.5,0.8967,-0.0524,-0.4657,0.0,0.0,0.0,R
59.3,44.6,18.9,84.1,76.5,0.8972,-0.0517,-0.4649,0.0,0.0,0.0,R
59.3,44.6,19.0,83.5,76.5,0.898,-0.0514,-0.4643,0.0,0.0,0.0,R
59.3,44.7,19.1,83.0,76.5,0.8982,-0.0524,-0.4643,0.0,0.0,0.0,R
59.3,44.7,19.2,82.7,76.5,0.8982,-0.0517,-0.465,0.0,0.0,0.0,R
58.8,44.6,19.2,82.3,76.3,0.8981,-0.0506,-0.4655,0.0,0.0,0.0,R
58.6,44.6,19.2,82.1,76.2,0.9017,-0.0524,-0.4586,0.0,0.0,0.0,R
58.6,44.6,19.3,82.0,76.3,0.9022,-0.0552,-0.4582,0.0,0.0,0.0,R
58.6,44.4,19.3,82.1,76.3,0.9019,-0.0547,-0.4574,0.0,0.0,0.0,R
61.0,52.0,15.8,83.3,74.1,0.9092,-0.0766,-0.4362,0.0,0.0,0.0,R
61.0,52.7,15.3,83.6,74.0,0.908,-0.0766,-0.4383,0.0,0.0,0.0,R
61.1,53.5,15.3,83.7,73.9,0.9078,-0.0755,-0.4394,0.0,0.0,0.0,R
61.2,54.2,15.5,83.8,73.9,0.907,-0.076,-0.4395,0.0,0.0,0.0,R
61.2,54.6,15.7,82.7,73.9,0.9081,-0.0775,-0.4396,0.0,0.0,0.0,R
60.5,55.0,15.8,82.2,74.0,0.9069,-0.0771,-0.4397,0.0,0.0,0.0,R
60.2,55.5,15.8,82.0,74.0,0.9069,-0.0768,-0.4393,0.0,0.0,0.0,R
60.0,56.2,15.9,81.9,74.0,0.907,-0.0769,-0.4412,0.0,0.0,0.0,R
60.0,56.9,16.1,81.9,73.9,0.9071,-0.0772,-0.4415,0.0,0.0,0.0,R
59.8,57.5,16.1,81.9,74.0,0.9093,-0.0763,-0.4421,0.0,0.0,0.0,R
59.7,57.8,16.2,82.0,73.9,0.907,-0.0767,-0.4436,0.0,0.0,0.0,R
59.0,57.0,15.5,82.5,73.9,0.9099,-0.0761,-0.4469,0.0,0.0,0.0,R
59.0,54.9,15.0,82.9,74.0,0.9128,-0.0751,-0.4498,0.0,0.0,0.0,R
58.5,54.0,15.0,83.3,74.2,0.9091,-0.076,-0.4485,0.0,0.0,0.0,R
58.1,54.1,15.1,83.5,74.5,0.9088,-0.0757,-0.4476,0.0,0.0,0.0,R
57.9,52.4,15.2,83.7,74.7,0.9097,-0.076,-0.4474,0.0,0.0,0.0,R
58.0,49.3,15.3,83.8,74.9,0.9103,-0.0767,-0.4468,0.0,0.0,0.0,R
57.9,47.3,15.5,84.0,75.1,0.9087,-0.0762,-0.4461,0.0,0.0,0.0,R
58.1,46.5,15.6,83.9,75.2,0.909,-0.0759,-0.447,0.0,0.0,0.0,R
58.1,46.5,15.8,84.0,75.3,0.9096,-0.0753,-0.4463,0.0,0.0,0.0,R
58.1,46.6,16.0,84.0,75.4,0.9095,-0.0754,-0.4475,0.0,0.0,0.0,R
58.3,46.8,16.1,84.0,75.5,0.9086,-0.074,-0.4457,0.0,0.0,0.0,R
58.3,47.0,16.3,84.1,75.5,0.9085,-0.0747,-0.448,0.0,0.0,0.0,R
58.1,47.1,16.3,83.4,75.5,0.9088,-0.0748,-0.445,0.0,0.0,0.0,R
58.0,47.2,16.3,83.1,75.5,0.9102,-0.0761,-0.4427,0.0,0.0,0.0,R
58.0,45.2,16.4,82.8,75.5,0.9099,-0.0765,-0.4432,0.0,0.0,0.0,R
58.0,43.8,16.5,82.5,75.4,0.9101,-0.077,-0.4429,0.0,0.0,0.0,R
57.9,43.2,16.6,82.4,75.4,0.91,-0.0763,-0.4431,0.0,0.0,0.0,R
58.0,42.9,16.5,82.3,75.4,0.9111,-0.0771,-0.442,0.0,0.0,0.0,R
58.0,43.2,16.6,82.3,74.8,0.9104,-0.0773,-0.4421,0.0,0.0,0.0,R
58.0,43.7,16.6,81.8,74.5,0.9103,-0.079,-0.4393,0.0,0.0,0.0,R
58.0,44.4,16.7,81.8,74.4,0.9094,-0.077,-0.4387,0.0,0.0,0.0,R
58.0,45.3,16.7,81.6,74.3,0.9093,-0.0771,-0.4399,0.0,0.0,0.0,R
58.0,46.3,16.7,81.3,74.3,0.9098,-0.077,-0.4393,0.0,0.0,0.0,R
58.0,47.1,16.7,81.3,74.2,0.91,-0.0753,-0.4381,0.0,0.0,0.0,R
58.0,48.1,16.7,80.8,74.2,0.9096,-0.0737,-0.4383,0.0,0.0,0.0,R
58.0,48.8,16.5,80.3,74.0,0.9108,-0.0753,-0.4385,0.0,0.0,0.0,R
58.0,49.4,16.7,80.0,73.9,0.9108,-0.0746,-0.437,0.0,0.0,0.0,R
58.0,49.9,16.8,79.9,74.2,0.9107,-0.0764,-0.436,0.0,0.0,0.0,R
58.0,50.3,16.8,79.9,74.6,0.9109,-0.0748,-0.4344,0.0,0.0,0.0,R
57.8,50.5,17.0,79.9,74.9,0.9121,-0.0748,-0.4348,0.0,0.0,0.0,R
57.8,50.5,16.9,79.9,75.1,0.9128,-0.0752,-0.4341,0.0,0.0,0.0,R
57.1,50.5,17.0,79.6,75.3,0.9126,-0.0745,-0.4333,0.0,0.0,0.0,R
56.8,50.6,17.2,79.6,75.5,0.9139,-0.0757,-0.4331,0.0,0.0,0.0,R
56.7,50.7,17.4,79.5,75.6,0.9148,-0.0755,-0.4312,0.0,0.0,0.0,R
56.6,51.0,17.6,79.6,75.6,0.914,-0.0752,-0.4306,0.0,0.0,0.0,R
56.7,51.1,17.7,79.4,75.7,0.9156,-0.0777,-0.4289,0.0,0.0,0.0,R
55.8,51.3,17.9,79.4,75.9,0.9162,-0.075,-0.4272,0.0,0.0,0.0,R
55.8,51.3,18.0,79.5,76.0,0.9169,-0.0753,-0.4262,0.0,0.0,0.0,R
55.9,51.4,17.4,79.4,76.1,0.9183,-0.0758,-0.4256,0.0,0.0,0.0,R
56.0,51.6,17.5,79.4,76.2,0.9186,-0.0747,-0.4241,0.0,0.0,0.0,R
56.0,51.9,17.5,79.5,76.3,0.9192,-0.0749,-0.4241,0.0,0.0,0.0,R
56.0,52.3,17.6,79.7,76.3,0.9184,-0.0739,-0.4232,0.0,0.0,0.0,R
56.0,52.8,17.8,79.9,76.3,0.9188,-0.0735,-0.4224,0.0,0.0,0.0,R
56.0,53.2,18.0,80.1,76.3,0.9192,-0.074,-0.422,0.0,0.0,0.0,R
56.1,53.7,18.1,80.4,76.4,0.9197,-0.0738,-0.4216,0.0,0.0,0.0,R
56.1,54.1,18.1,80.5,76.4,0.9201,-0.0758,-0.4219,0.0,0.0,0.0,R
55.3,54.4,18.1,80.3,76.1,0.9206,-0.0759,-0.4209,0.0,0.0,0.0,R
54.4,54.5,18.2,80.0,76.1,0.9205,-0.0757,-0.4187,0.0,0.0,0.0,R
0.0,100.0,2.1,0.2,0.1,0.9113,-0.3284,0.3747,0.0,0.0,0.0,S
0.0,100.0,2.1,0.1,0.1,0.9121,-0.3277,0.3732,0.0,0.0,0.0,S
0.0,100.0,1.9,0.2,0.1,0.9118,-0.3285,0.3729,0.0,0.0,0.0,S
0.0,100.0,1.9,0.2,0.1,0.9119,-0.3293,0.3727,0.0,0.0,0.0,S
0.0,100.0,2.0,0.5,0.0,0.9117,-0.3306,0.3725,0.0,0.0,0.0,S
0.0,100.0,2.2,1.0,0.1,0.9118,-0.3299,0.3717,0.0,0.0,0.0,S
0.0,100.0,2.2,1.3,0.1,0.9115,-0.3305,0.3713,0.0,0.0,0.0,S
0.0,100.0,2.4,1.6,0.2,0.9114,-0.3309,0.3709,0.0,0.0,0.0,S
0.0,100.0,2.5,1.9,0.1,0.9115,-0.3318,0.3699,0.0,0.0,0.0,S
0.0,100.0,2.7,2.2,1.6,0.9116,-0.3311,0.37,0.0,0.0,0.0,S
0.0,100.0,2.8,2.5,1.6,0.9116,-0.332,0.3701,0.0,0.0,0.0,S
0.0,100.0,2.9,2.8,1.6,0.9115,-0.334,0.3688,0.0,0.0,0.0,S
0.0,100.0,3.0,3.0,1.6,0.9109,-0.3338,0.3687,0.0,0.0,0.0,S
0.0,100.0,3.9,3.3,1.2,0.9107,-0.3354,0.3696,0.0,0.0,0.0,S
0.0,100.0,2.1,1.8,0.7,0.913,-0.3347,0.365,0.0,0.0,0.0,S
0.0,100.0,1.2,1.0,0.4,0.9122,-0.3404,0.3635,0.0,0.0,0.0,S
0.0,100.0,0.7,0.5,0.2,0.9102,-0.3424,0.3651,0.0,0.0,0.0,S
0.0,100.0,1.6,0.3,0.1,0.9105,-0.3441,0.3628,0.0,0.0,0.0,S
0.0,100.0,1.9,0.2,0.1,0.9106,-0.3453,0.3608,0.0,0.0,0.0,S
0.0,100.0,3.2,0.1,0.1,0.9101,-0.3474,0.3605,0.0,0.0,0.0,S
0.0,100.0,4.5,0.1,0.0,0.9107,-0.3469,0.3585,0.0,0.0,0.0,S
0.0,100.0,5.3,0.0,0.0,0.9102,-0.3483,0.3578,0.0,0.0,0.0,S
0.0,100.0,6.3,0.0,0.0,0.9097,-0.3491,0.359,0.0,0.0,0.0,S
0.0,100.0,6.7,0.0,0.0,0.9097,-0.3496,0.3584,0.0,0.0,0.0,S
0.0,100.0,7.0,0.0,0.0,0.9095,-0.3497,0.3585,0.0,0.0,0.0,S
0.0,100.0,7.8,0.0,0.0,0.9091,-0.349,0.3595,0.0,0.0,0.0,S
0.0,100.0,8.5,0.0,0.0,0.909,-0.3498,0.3591,0.0,0.0,0.0,S
0.0,100.0,9.2,0.0,0.0,0.9087,-0.3495,0.359,0.0,0.0,0.0,S
0.0,100.0,9.9,0.0,0.0,0.9088,-0.3497,0.3593,0.0,0.0,0.0,S
0.0,100.0,10.2,0.0,0.0,0.9085,-0.3508,0.3586,0.0,0.0,0.0,S
0.0,100.0,10.3,0.0,0.0,0.9086,-0.35,0.3587,0.0,0.0,0.0,S
0.0,100.0,10.4,0.0,0.0,0.9084,-0.3507,0.358,0.0,0.0,0.0,S
0.0,100.0,10.4,0.0,0.0,0.9081,-0.3519,0.3578,0.0,0.0,0.0,S
0.0,100.0,10.4,0.0,0.0,0.9085,-0.3518,0.3572,0.0,0.0,0.0,S
0.0,100.0,10.7,0.0,0.0,0.9081,-0.3535,0.3563,0.0,0.0,0.0,S
0.0,100.0,11.0,0.0,0.0,0.9097,-0.3541,0.3541,0.0,0.0,0.0,S
0.0,100.0,11.5,0.0,0.0,0.9087,-0.3549,0.3554,0.0,0.0,0.0,S
0.0,100.0,11.7,0.0,0.0,0.9062,-0.3546,0.359,0.0,0.0,0.0,S
0.0,100.0,12.0,0.0,0.0,0.9044,-0.355,0.3625,0.0,0.0,0.0,S
0.0,100.0,13.0,0.0,0.0,0.9033,-0.3558,0.3646,0.0,0.0,0.0,S
0.0,100.0,13.8,0.0,0.0,0.9026,-0.3528,0.3682,0.0,0.0,0.0,S
0.0,100.0,14.5,0.0,0.0,0.9012,-0.3562,0.368,0.0,0.0,0.0,S
0.0,100.0,15.1,0.0,0.0,0.9027,-0.3517,0.3693,0.0,0.0,0.0,S
0.0,100.0,15.5,0.0,0.0,0.9041,-0.3536,0.3656,0.0,0.0,0.0,S
0.0,100.0,14.2,0.0,0.0,0.9035,-0.3541,0.3667,0.0,0.0,0.0,S
0.0,100.0,15.0,0.0,0.0,0.9025,-0.3514,0.371,0.0,0.0,0.0,S
0.0,100.0,12.3,0.0,0.0,0.9037,-0.3499,0.3705,0.0,0.0,0.0,S
0.0,100.0,10.8,0.0,0.0,0.9043,-0.3512,0.368,0.0,0.0,0.0,S
0.0,100.0,9.7,0.0,0.0,0.904,-0.3501,0.3694,0.0,0.0,0.0,S
0.0,100.0,9.6,0.0,0.0,0.9029,-0.3489,0.3729,0.0,0.0,0.0,S
1.9,100.0,9.8,0.0,0.0,0.8758,-0.3704,0.4175,0.0,0.0,0.0,S
2.2,100.0,9.9,0.0,0.0,0.8748,-0.3686,0.4211,0.0,0.0,0.0,S
2.3,100.0,9.3,0.0,0.1,0.8747,-0.37,0.4212,0.0,0.0,0.0,S
2.4,100.0,9.4,0.0,0.3,0.8756,-0.3692,0.4214,0.0,0.0,0.0,S
2.5,100.0,9.5,0.0,0.5,0.8742,-0.3723,0.4211,0.0,0.0,0.0,S
2.7,100.0,10.1,0.0,0.6,0.8746,-0.3714,0.4209,0.0,0.0,0.0,S
2.7,100.0,10.6,0.0,0.6,0.8741,-0.3713,0.4215,0.0,0.0,0.0,S
2.4,100.0,10.8,0.0,0.7,0.8744,-0.3724,0.4211,0.0,0.0,0.0,S
1.3,100.0,10.9,0.0,0.7,0.8734,-0.3712,0.4234,0.0,0.0,0.0,S
0.7,100.0,11.2,0.6,0.4,0.8742,-0.3724,0.4205,0.0,0.0,0.0,S
0.4,100.0,11.8,0.4,0.2,0.8737,-0.3722,0.421,0.0,0.0,0.0,S
0.2,100.0,12.3,0.7,0.1,0.8729,-0.3734,0.4213,0.0,0.0,0.0,S
0.1,100.0,12.7,0.4,0.1,0.8737,-0.3724,0.4212,0.0,0.0,0.0,S
0.3,100.0,13.0,0.2,0.1,0.8739,-0.3726,0.4213,0.0,0.0,0.0,S
0.2,100.0,7.2,0.9,0.0,0.8734,-0.3725,0.4209,0.0,0.0,0.0,S
0.1,100.0,3.9,0.5,0.0,0.8747,-0.3726,0.419,0.0,0.0,0.0,S
0.0,100.0,2.2,0.3,0.0,0.8756,-0.3709,0.4181,0.0,0.0,0.0,S
0.0,100.0,1.2,0.2,0.7,0.8772,-0.37,0.4157,0.0,0.0,0.0,S
0.0,100.0,0.7,0.1,0.4,0.8781,-0.3698,0.4132,0.0,0.0,0.0,S
0.0,100.0,0.4,0.1,0.2,0.8782,-0.3707,0.4106,0.0,0.0,0.0,S
0.0,100.0,0.2,1.5,0.1,0.8785,-0.3701,0.4114,0.0,0.0,0.0,S
0.0,100.0,0.1,0.8,0.1,0.8785,-0.3713,0.411,0.0,0.0,0.0,S
0.0,100.0,0.2,0.5,0.1,0.8792,-0.3717,0.4093,0.0,0.0,0.0,S
0.0,100.0,1.1,0.2,0.0,0.8777,-0.3717,0.412,0.0,0.0,0.0,S
0.0,100.0,2.3,0.1,0.0,0.8768,-0.3722,0.4138,0.0,0.0,0.0,S
0.0,100.0,2.5,0.1,0.0,0.8774,-0.3727,0.412,0.0,0.0,0.0,S
0.0,100.0,2.8,0.1,0.0,0.8787,-0.3705,0.4112,0.0,0.0,0.0,S
0.0,100.0,3.4,0.0,0.0,0.8786,-0.371,0.4116,0.0,0.0,0.0,S
0.0,100.0,3.9,0.0,0.0,0.878,-0.3714,0.4131,0.0,0.0,0.0,S
0.0,100.0,3.9,0.0,0.0,0.8769,-0.3709,0.4159,0.0,0.0,0.0,S
0.0,100.0,4.1,0.0,0.0,0.8768,-0.3699,0.4167,0.0,0.0,0.0,S
0.0,100.0,4.1,0.0,0.0,0.877,-0.3704,0.4164,0.0,0.0,0.0,S
0.0,100.0,4.1,0.0,0.0,0.877,-0.3672,0.4174,0.0,0.0,0.0,S
0.0,100.0,4.1,0.0,0.0,0.8779,-0.3679,0.4149,0.0,0.0,0.0,S
0.0,100.0,4.5,0.0,0.0,0.878,-0.3665,0.4149,0.0,0.0,0.0,S
0.0,100.0,4.5,0.0,0.0,0.8787,-0.3652,0.4139,0.0,0.0,0.0,S
0.0,100.0,4.2,0.0,0.0,0.8784,-0.3659,0.4147,0.0,0.0,0.0,S
0.0,100.0,4.5,0.0,0.0,0.8781,-0.3684,0.4142,0.0,0.0,0.0,S
0.0,100.0,4.8,0.0,0.0,0.8785,-0.3689,0.4135,0.0,0.0,0.0,S
0.0,100.0,5.1,0.0,0.0,0.8782,-0.369,0.4137,0.0,0.0,0.0,S
0.0,100.0,5.4,0.0,0.0,0.8774,-0.3697,0.4143,0.0,0.0,0.0,S
0.0,100.0,5.8,0.0,0.0,0.8773,-0.3691,0.4145,0.0,0.0,0.0,S
0.3,100.0,6.1,0.0,0.0,0.8771,-0.369,0.4153,0.0,0.0,0.0,S
0.2,100.0,6.4,0.0,0.0,0.8775,-0.3692,0.4149,0.0,0.0,0.0,S
0.1,100.0,6.5,0.0,0.0,0.8777,-0.3698,0.415,0.0,0.0,0.0,S
0.3,100.0,6.8,0.0,0.0,0.8775,-0.3702,0.4149,0.0,0.0,0.0,S
0.2,100.0,7.2,0.0,0.0,0.878,-0.3711,0.4143,0.0,0.0,0.0,S
0.2,100.0,7.4,0.0,0.0,0.8776,-0.3741,0.4145,0.0,0.0,0.0,S
0.1,100.0,7.8,0.0,0.0,0.8778,-0.3722,0.4143,0.0,0.0,0.0,S
0.1,100.0,7.8,0.0,0.0,0.8775,-0.3706,0.4159,0.0,0.0,0.0,S
0.0,100.0,8.1,0.0,0.0,0.8781,-0.3697,0.4148,0.0,0.0,0.0,S
0.0,100.0,8.1,0.0,0.2,0.8776,-0.3701,0.4152,0.0,0.0,0.0,S
0.0,100.0,8.5,0.0,0.8,0.8781,-0.3713,0.4135,0.0,0.0,0.0,S
0.0,100.0,8.8,0.0,1.0,0.8783,-0.3711,0.4129,0.0,0.0,0.0,S
0.0,100.0,9.1,0.0,1.5,0.8788,-0.3715,0.4118,0.0,0.0,0.0,S
0.0,100.0,9.3,0.0,1.9,0.8787,-0.3711,0.4114,0.0,0.0,0.0,S
0.0,100.0,9.3,0.0,2.5,0.8788,-0.3704,0.4102,0.0,0.0,0.0,S
0.0,100.0,9.4,0.0,3.5,0.8789,-0.3715,0.4095,0.0,0.0,0.0,S
0.0,100.0,9.5,0.0,4.5,0.8782,-0.3719,0.4117,0.0,0.0,0.0,S
58.8,100.0,0.0,0.0,19.5,1.0185,-0.0663,0.1607,0.0,0.0,0.0,T
59.6,100.0,0.0,0.0,19.2,1.0182,-0.0687,0.1603,0.0,0.0,0.0,T
60.5,100.0,0.0,0.0,19.2,1.0186,-0.0697,0.1599,0.0,0.0,0.0,T
61.2,100.0,0.0,0.0,19.2,1.0191,-0.0674,0.1608,0.0,0.0,0.0,T
61.9,100.0,0.0,0.0,19.2,1.0188,-0.0673,0.1628,0.0,0.0,0.0,T
61.1,100.0,0.0,0.0,19.3,1.0186,-0.0701,0.1618,0.0,0.0,0.0,T
61.8,100.0,0.0,0.0,19.4,1.0184,-0.0732,0.1609,0.0,0.0,0.0,T
62.6,100.0,0.0,0.0,19.5,1.0178,-0.0753,0.1616,0.0,0.0,0.0,T
63.4,100.0,0.0,0.0,19.5,1.018,-0.0743,0.1614,0.0,0.0,0.0,T
64.2,100.0,0.0,0.0,19.6,1.0182,-0.0738,0.1616,0.0,0.0,0.0,T
61.3,100.0,0.0,0.0,19.6,1.0182,-0.0745,0.1629,0.0,0.0,0.0,T
60.8,100.0,0.0,0.0,19.5,1.0182,-0.0759,0.1623,0.0,0.0,0.0,T
61.1,100.0,0.0,0.0,19.6,1.0174,-0.08,0.1627,0.0,0.0,0.0,T
60.4,100.0,0.0,0.0,19.7,1.0176,-0.0813,0.1612,0.0,0.0,0.0,T
56.6,100.0,0.0,0.0,19.8,1.0179,-0.0808,0.1609,0.0,0.0,0.0,T
52.6,100.0,0.0,0.0,20.0,1.0184,-0.0802,0.1611,0.0,0.0,0.0,T
52.7,100.0,0.0,0.0,20.4,1.0185,-0.0804,0.1612,0.0,0.0,0.0,T
52.9,100.0,0.0,0.0,20.7,1.018,-0.0824,0.1615,0.0,0.0,0.0,T
53.1,100.0,0.0,0.0,20.8,1.0167,-0.0839,0.1616,0.0,0.0,0.0,T
53.3,100.0,0.0,0.0,20.9,1.0166,-0.0838,0.1619,0.0,0.0,0.0,T
53.4,100.0,0.0,0.0,20.9,1.0174,-0.0823,0.1615,0.0,0.0,0.0,T
53.5,100.0,0.0,0.0,21.0,1.0182,-0.0807,0.162,0.0,0.0,0.0,T
53.7,100.0,0.0,0.0,21.1,1.0178,-0.0811,0.1616,0.0,0.0,0.0,T
54.6,100.0,0.0,0.0,20.6,1.0177,-0.0833,0.16,0.0,0.0,0.0,T
55.0,100.0,0.0,0.0,18.8,1.0171,-0.0841,0.157,0.0,0.0,0.0,T
56.0,100.0,0.0,0.0,18.8,1.0164,-0.0856,0.1542,0.0,0.0,0.0,T
54.8,100.0,0.0,0.0,10.4,1.0174,-0.0863,0.1503,0.0,0.0,0.0,T
54.7,100.0,0.0,0.0,12.2,1.0184,-0.0884,0.1461,0.0,0.0,0.0,T
54.8,100.0,0.0,0.0,6.7,1.0188,-0.0884,0.1419,0.0,0.0,0.0,T
53.4,100.0,0.0,0.0,3.7,1.02,-0.0886,0.1387,0.0,0.0,0.0,T
52.6,100.0,0.0,0.0,2.0,1.0193,-0.0889,0.1375,0.0,0.0,0.0,T
49.4,100.0,0.0,0.0,1.1,1.0195,-0.0889,0.1356,0.0,0.0,0.0,T
48.3,100.0,0.0,0.0,0.6,1.0196,-0.0897,0.134,0.0,0.0,0.0,T
48.5,100.0,0.0,0.0,0.4,1.0195,-0.0898,0.1337,0.0,0.0,0.0,T
49.8,100.0,0.0,0.0,0.2,1.0198,-0.0894,0.133,0.0,0.0,0.0,T
50.6,100.0,0.0,0.0,0.1,1.0199,-0.0902,0.1308,0.0,0.0,0.0,T
51.1,100.0,0.0,0.0,0.1,1.0195,-0.0911,0.1312,0.0,0.0,0.0,T
51.6,100.0,0.0,0.0,0.1,1.0197,-0.0927,0.1293,0.0,0.0,0.0,T
52.3,100.0,0.0,0.0,0.0,1.0201,-0.0913,0.1285,0.0,0.0,0.0,T
52.9,100.0,0.0,0.0,0.0,1.0209,-0.0886,0.129,0.0,0.0,0.0,T
53.7,100.0,0.0,0.0,0.0,1.0212,-0.0874,0.1296,0.0,0.0,0.0,T
51.5,100.0,0.0,0.0,0.0,1.0215,-0.0878,0.1288,0.0,0.0,0.0,T
50.0,100.0,0.0,0.0,0.0,1.0208,-0.091,0.1279,0.0,0.0,0.0,T
50.8,100.0,0.0,0.0,0.0,1.0206,-0.0929,0.1272,0.0,0.0,0.0,T
46.1,100.0,0.0,0.0,0.0,1.021,-0.0908,0.1267,0.0,0.0,0.0,T
43.6,100.0,0.0,0.0,0.0,1.0211,-0.0891,0.1272,0.0,0.0,0.0,T
43.7,100.0,0.0,0.0,0.0,1.0211,-0.089,0.1283,0.0,0.0,0.0,T
44.8,100.0,0.0,0.0,0.0,1.0208,-0.0905,0.1282,0.0,0.0,0.0,T
45.8,100.0,0.0,0.0,0.0,1.0206,-0.0938,0.1269,0.0,0.0,0.0,T
47.9,100.0,0.0,0.0,0.0,1.0205,-0.0946,0.1259,0.0,0.0,0.0,T
47.2,100.0,0.0,0.0,0.0,1.0207,-0.094,0.1264,0.0,0.0,0.0,T
47.3,100.0,0.0,0.0,0.0,1.021,-0.0918,0.126,0.0,0.0,0.0,T
48.5,100.0,0.0,0.0,0.0,1.0212,-0.092,0.1234,0.0,0.0,0.0,T
47.5,100.0,0.0,0.0,0.0,1.0221,-0.0923,0.1225,0.0,0.0,0.0,T
48.3,100.0,0.0,0.0,0.0,1.0213,-0.0934,0.1233,0.0,0.0,0.0,T
47.5,100.0,0.0,0.0,0.0,1.0214,-0.0941,0.1212,0.0,0.0,0.0,T
47.2,100.0,0.0,0.0,0.0,1.0219,-0.0926,0.1204,0.0,0.0,0.0,T
46.3,100.0,0.0,0.0,0.0,1.0222,-0.0897,0.1216,0.0,0.0,0.0,T
52.1,0.0,0.0,94.8,79.5,1.024,0.0789,0.0235,0.0,0.0,0.0,U
52.0,0.0,0.0,94.9,79.6,1.0241,0.0799,0.0242,0.0,0.0,0.0,U
51.9,0.0,0.0,95.0,79.1,1.0244,0.0807,0.0219,0.0,0.0,0.0,U
52.0,0.0,0.0,95.0,79.1,1.0231,0.083,0.0226,0.0,0.0,0.0,U
51.9,0.0,0.0,95.1,79.1,1.0219,0.0817,0.0211,0.0,0.0,0.0,U
52.0,0.0,0.0,95.2,79.2,1.0212,0.0812,0.0186,0.0,0.0,0.0,U
52.0,0.0,0.0,95.3,79.3,1.0227,0.0799,0.0211,0.0,0.0,0.0,U
52.1,0.0,0.0,95.4,79.1,1.0217,0.0767,0.0231,0.0,0.0,0.0,U
51.9,0.0,0.0,95.7,78.5,1.0217,0.0745,0.0222,0.0,0.0,0.0,U
52.0,0.0,0.0,95.9,78.1,1.0222,0.0739,0.0225,0.0,0.0,0.0,U
52.1,0.0,0.0,95.9,77.9,1.0221,0.0742,0.0243,0.0,0.0,0.0,U
52.1,0.0,0.0,96.0,78.0,1.0229,0.0732,0.0256,0.0,0.0,0.0,U
52.2,0.0,0.0,96.1,78.0,1.0248,0.0719,0.0276,0.0,0.0,0.0,U
52.2,0.0,0.0,96.1,77.9,1.0251,0.0728,0.0278,0.0,0.0,0.0,U
52.4,0.0,0.0,96.1,77.5,1.0257,0.0743,0.0295,0.0,0.0,0.0,U
49.8,0.0,0.0,96.5,77.7,1.0268,0.0741,0.029,0.0,0.0,0.0,U
50.0,0.0,0.0,96.6,77.8,1.0269,0.0714,0.0287,0.0,0.0,0.0,U
50.2,0.0,0.0,96.8,77.6,1.0257,0.07,0.0286,0.0,0.0,0.0,U
50.4,0.0,0.0,97.0,77.8,1.025,0.0692,0.0285,0.0,0.0,0.0,U
50.6,0.0,0.0,97.1,77.9,1.0254,0.0696,0.0296,0.0,0.0,0.0,U
50.8,0.0,0.0,97.2,77.7,1.0265,0.0688,0.0304,0.0,0.0,0.0,U
51.1,0.0,0.0,97.3,76.8,1.0267,0.0685,0.0278,0.0,0.0,0.0,U
51.3,0.0,0.0,97.3,76.8,1.0241,0.0666,0.0244,0.0,0.0,0.0,U
51.4,0.0,0.0,96.9,76.9,1.0251,0.0664,0.0241,0.0,0.0,0.0,U
51.6,0.0,0.0,96.7,76.1,1.0263,0.0645,0.0245,0.0,0.0,0.0,U
51.7,0.0,0.0,94.9,76.0,1.0275,0.0634,0.0252,0.0,0.0,0.0,U
51.8,0.0,0.0,93.6,76.3,1.0265,0.0629,0.0224,0.0,0.0,0.0,U
51.8,0.0,0.0,93.1,76.2,1.0288,0.062,0.0173,0.0,0.0,0.0,U
50.9,0.0,0.0,92.6,74.2,1.0301,0.057,0.0057,0.0,0.0,0.0,U
50.3,0.0,0.0,92.1,74.6,1.0264,0.0513,-0.011,0.0,0.0,0.0,U
50.1,0.0,0.0,91.8,75.1,1.0226,0.0467,-0.0236,0.0,0.0,0.0,U
50.0,0.0,0.0,91.9,73.4,1.0248,0.0448,-0.0349,0.0,0.0,0.0,U
50.0,0.0,0.0,91.5,72.4,1.0218,0.0464,-0.0444,0.0,0.0,0.0,U
50.0,0.0,0.0,91.3,71.8,1.0221,0.0447,-0.0497,0.0,0.0,0.0,U
50.2,0.0,0.0,91.3,71.6,1.0221,0.0418,-0.0556,0.0,0.0,0.0,U
50.0,0.0,0.0,91.6,71.3,1.0202,0.0416,-0.0619,0.0,0.0,0.0,U
50.0,0.0,0.0,91.7,71.1,1.0213,0.0422,-0.0662,0.0,0.0,0.0,U
50.0,0.0,0.0,91.9,71.1,1.0208,0.0438,-0.0664,0.0,0.0,0.0,U
50.0,0.0,0.0,91.9,71.2,1.0217,0.0435,-0.0676,0.0,0.0,0.0,U
50.0,0.0,0.0,92.1,71.2,1.0216,0.042,-0.0698,0.0,0.0,0.0,U
50.0,0.0,0.0,92.1,71.3,1.0212,0.0415,-0.0741,0.0,0.0,0.0,U
50.2,0.0,0.0,92.1,71.3,1.0202,0.0417,-0.0754,0.0,0.0,0.0,U
50.1,0.0,0.0,92.1,71.3,1.0224,0.042,-0.0749,0.0,0.0,0.0,U
50.1,0.0,0.0,92.0,71.3,1.0231,0.043,-0.0744,0.0,0.0,0.0,U
50.0,0.0,0.0,92.0,71.4,1.0227,0.044,-0.0734,0.0,0.0,0.0,U
50.0,0.0,0.0,92.0,71.3,1.023,0.0436,-0.0746,0.0,0.0,0.0,U
50.0,0.0,0.0,92.0,71.3,1.0234,0.0428,-0.0773,0.0,0.0,0.0,U
49.7,0.0,0.0,92.1,71.3,1.0231,0.042,-0.0763,0.0,0.0,0.0,U
49.8,0.0,0.0,92.2,71.2,1.0241,0.0438,-0.0761,0.0,0.0,0.0,U
49.8,0.0,0.0,92.3,71.1,1.0236,0.0448,-0.0777,0.0,0.0,0.0,U
49.3,0.0,0.0,91.8,70.9,1.023,0.0445,-0.0815,0.0,0.0,0.0,U
49.1,0.0,0.0,91.8,71.0,1.0229,0.0421,-0.0868,0.0,0.0,0.0,U
48.9,0.0,0.0,91.8,70.9,1.0205,0.0395,-0.0904,0.0,0.0,0.0,U
48.9,0.0,0.0,91.7,70.7,1.0185,0.0421,-0.096,0.0,0.0,0.0,U
49.0,0.0,0.0,90.8,70.8,1.0203,0.0372,-0.0938,0.0,0.0,0.0,U
48.9,0.0,0.0,90.8,70.6,1.0224,0.0355,-0.0893,0.0,0.0,0.0,U
48.9,0.0,0.0,90.8,70.2,1.022,0.0403,-0.0891,0.0,0.0,0.0,U
48.7,0.0,0.0,90.9,70.2,1.0215,0.0434,-0.0871,0.0,0.0,0.0,U
39.2,0.0,0.0,77.1,77.2,-0.1183,0.9738,0.202,0.0,0.0,0.0,V
39.5,0.0,0.0,77.4,77.2,-0.1188,0.9747,0.2008,0.0,0.0,0.0,V
39.8,0.0,0.0,77.7,77.3,-0.1195,0.9735,0.2019,0.0,0.0,0.0,V
40.1,0.0,0.0,77.9,77.4,-0.1205,0.9734,0.2009,0.0,0.0,0.0,V
40.4,0.0,0.0,78.1,77.4,-0.1216,0.9738,0.2006,0.0,0.0,0.0,V
40.6,0.0,0.0,78.3,77.5,-0.1227,0.9746,0.2001,0.0,0.0,0.0,V
41.2,0.0,0.0,78.7,77.5,-0.1241,0.9739,0.2003,0.0,0.0,0.0,V
42.2,0.0,0.0,79.0,77.6,-0.1241,0.9729,0.1996,0.0,0.0,0.0,V
42.8,0.0,0.0,79.2,77.7,-0.1245,0.9728,0.2008,0.0,0.0,0.0,V
43.3,0.0,0.0,79.5,77.7,-0.1245,0.9725,0.2008,0.0,0.0,0.0,V
43.7,0.0,0.0,79.7,77.8,-0.1243,0.9722,0.2,0.0,0.0,0.0,V
43.8,0.0,0.0,79.4,77.7,-0.124,0.9711,0.201,0.0,0.0,0.0,V
44.0,0.0,0.0,79.4,77.6,-0.1241,0.9706,0.199,0.0,0.0,0.0,V
43.6,0.0,0.0,79.4,77.3,-0.1237,0.9709,0.1998,0.0,0.0,0.0,V
43.5,0.0,0.0,79.5,77.2,-0.1235,0.9705,0.1979,0.0,0.0,0.0,V
43.6,0.0,0.0,78.4,76.9,-0.1246,0.9705,0.2029,0.0,0.0,0.0,V
43.8,0.0,0.0,78.4,76.7,-0.1259,0.9704,0.2037,0.0,0.0,0.0,V
43.8,0.0,0.0,78.4,76.6,-0.1262,0.9698,0.2029,0.0,0.0,0.0,V
43.9,0.0,0.0,78.2,76.5,-0.1259,0.97,0.2053,0.0,0.0,0.0,V
44.1,0.0,0.0,78.4,76.5,-0.1263,0.9702,0.2061,0.0,0.0,0.0,V
44.1,0.0,0.0,78.5,76.5,-0.1267,0.9701,0.2059,0.0,0.0,0.0,V
44.1,0.0,0.0,78.6,76.5,-0.1266,0.9707,0.2065,0.0,0.0,0.0,V
43.9,0.0,0.0,78.7,76.5,-0.1266,0.971,0.2068,0.0,0.0,0.0,V
43.9,0.0,0.0,77.9,76.5,-0.1261,0.9707,0.2076,0.0,0.0,0.0,V
43.8,0.0,0.0,77.5,76.5,-0.1255,0.97,0.2069,0.0,0.0,0.0,V
43.8,0.0,0.0,77.6,76.5,-0.1258,0.9709,0.2076,0.0,0.0,0.0,V
43.7,0.0,0.0,77.0,76.5,-0.1258,0.9706,0.2083,0.0,0.0,0.0,V
42.8,0.0,0.0,75.8,76.5,-0.1254,0.9726,0.2072,0.0,0.0,0.0,V
41.8,0.0,0.0,74.9,76.5,-0.1262,0.9719,0.2079,0.0,0.0,0.0,V
41.8,0.0,0.0,75.1,76.6,-0.1264,0.972,0.2081,0.0,0.0,0.0,V
41.8,0.0,0.0,75.3,76.6,-0.1273,0.9716,0.2098,0.0,0.0,0.0,V
41.6,0.0,0.0,75.4,76.7,-0.1277,0.9697,0.2088,0.0,0.0,0.0,V
41.6,0.0,0.0,74.7,76.7,-0.1279,0.9711,0.2098,0.0,0.0,0.0,V
41.2,0.0,0.0,74.7,76.8,-0.1274,0.9704,0.2106,0.0,0.0,0.0,V
41.2,0.0,0.0,74.9,76.8,-0.1273,0.9694,0.2107,0.0,0.0,0.0,V
41.2,0.0,0.0,75.1,76.8,-0.1267,0.9688,0.211,0.0,0.0,0.0,V
41.3,0.0,0.0,74.6,76.8,-0.1266,0.9687,0.2118,0.0,0.0,0.0,V
41.4,0.0,0.0,74.6,76.8,-0.1267,0.9704,0.21,0.0,0.0,0.0,V
41.4,0.0,0.0,74.9,76.8,-0.1269,0.971,0.2102,0.0,0.0,0.0,V
41.1,0.0,0.0,75.3,76.7,-0.128,0.9702,0.2108,0.0,0.0,0.0,V
41.1,0.0,0.0,75.5,76.7,-0.1271,0.9713,0.2081,0.0,0.0,0.0,V
41.3,0.0,0.0,75.7,76.7,-0.1274,0.97,0.2101,0.0,0.0,0.0,V
40.6,0.0,0.0,76.0,76.7,-0.1279,0.9721,0.2098,0.0,0.0,0.0,V
40.2,0.0,0.0,76.5,76.7,-0.1287,0.9713,0.2093,0.0,0.0,0.0,V
40.1,0.0,0.0,76.7,76.8,-0.1294,0.9715,0.2094,0.0,0.0,0.0,V
40.1,0.0,0.0,77.1,76.8,-0.1294,0.9712,0.2094,0.0,0.0,0.0,V
40.1,0.0,0.0,77.4,76.8,-0.1297,0.9711,0.2099,0.0,0.0,0.0,V
40.2,0.0,0.0,77.5,76.8,-0.1297,0.9722,0.209,0.0,0.0,0.0,V
39.6,0.0,0.0,77.7,76.8,-0.1296,0.9706,0.2094,0.0,0.0,0.0,V
39.6,0.0,0.0,77.8,76.8,-0.1292,0.9698,0.2095,0.0,0.0,0.0,V
39.5,0.0,0.0,77.8,76.8,-0.1303,0.9722,0.2087,0.0,0.0,0.0,V
39.5,0.0,0.0,77.2,76.8,-0.1298,0.9718,0.2079,0.0,0.0,0.0,V
39.8,0.0,0.0,77.1,76.7,-0.1297,0.9719,0.2079,0.0,0.0,0.0,V
40.1,0.0,0.0,76.9,76.7,-0.1301,0.9713,0.2084,0.0,0.0,0.0,V
40.4,0.0,0.0,76.7,76.6,-0.1299,0.971,0.2082,0.0,0.0,0.0,V
40.5,0.0,0.0,76.7,76.6,-0.1305,0.969,0.2104,0.0,0.0,0.0,V
40.8,0.0,0.0,76.0,76.6,-0.132,0.9675,0.2128,0.0,0.0,0.0,V
41.1,0.0,0.0,75.6,76.5,-0.1305,0.9682,0.209,0.0,0.0,0.0,V
51.8,0.0,0.0,0.0,77.2,1.0285,-0.013,0.0479,0.0,0.0,0.0,W
51.7,0.0,0.0,0.0,77.3,1.029,-0.0158,0.0449,0.0,0.0,0.0,W
51.8,0.0,0.0,0.0,77.3,1.0299,-0.018,0.0426,0.0,0.0,0.0,W
51.8,0.0,0.0,0.0,77.4,1.0288,-0.0174,0.0419,0.0,0.0,0.0,W
51.8,0.0,0.0,0.0,77.4,1.0295,-0.0156,0.0435,0.0,0.0,0.0,W
51.9,0.0,0.0,0.0,77.4,1.0285,-0.0146,0.043,0.0,0.0,0.0,W
51.9,0.0,0.0,0.0,77.4,1.0279,-0.0186,0.0403,0.0,0.0,0.0,W
52.0,0.0,0.0,0.0,77.4,1.029,-0.0203,0.0368,0.0,0.0,0.0,W
52.2,0.0,0.0,0.0,77.4,1.029,-0.0189,0.0377,0.0,0.0,0.0,W
52.2,0.0,0.0,0.0,77.4,1.0286,-0.0178,0.039,0.0,0.0,0.0,W
52.3,0.0,0.0,0.0,77.3,1.0296,-0.0182,0.0401,0.0,0.0,0.0,W
52.4,0.0,0.0,0.0,77.1,1.0278,-0.02,0.0389,0.0,0.0,0.0,W
52.5,0.0,0.0,0.0,77.0,1.029,-0.0234,0.0384,0.0,0.0,0.0,W
52.6,0.0,0.0,0.0,77.0,1.0282,-0.023,0.0392,0.0,0.0,0.0,W
52.6,0.0,0.0,0.0,77.0,1.0289,-0.0214,0.0407,0.0,0.0,0.0,W
52.4,0.0,0.0,0.0,77.0,1.0283,-0.0206,0.0419,0.0,0.0,0.0,W
52.4,0.0,0.0,0.0,76.9,1.028,-0.0218,0.0408,0.0,0.0,0.0,W
50.5,0.0,0.0,0.0,76.5,1.0281,-0.0236,0.0379,0.0,0.0,0.0,W
48.5,0.0,0.0,0.0,76.5,1.0289,-0.0219,0.0382,0.0,0.0,0.0,W
47.5,0.0,0.0,0.0,76.2,1.0303,-0.0214,0.0394,0.0,0.0,0.0,W
47.2,0.0,0.0,0.0,76.2,1.0298,-0.0223,0.039,0.0,0.0,0.0,W
47.0,0.0,0.0,0.0,76.3,1.0302,-0.0248,0.0372,0.0,0.0,0.0,W
47.0,0.0,0.0,0.0,76.4,1.0291,-0.0241,0.0347,0.0,0.0,0.0,W
47.0,0.0,0.0,0.0,76.5,1.0292,-0.0236,0.0344,0.0,0.0,0.0,W
46.9,0.0,0.0,0.0,76.5,1.0292,-0.0219,0.0356,0.0,0.0,0.0,W
46.7,0.0,0.0,0.0,76.5,1.028,-0.0228,0.0337,0.0,0.0,0.0,W
46.7,0.0,0.0,0.0,76.5,1.0292,-0.0249,0.032,0.0,0.0,0.0,W
46.7,0.0,0.0,0.0,76.6,1.0294,-0.0252,0.0297,0.0,0.0,0.0,W
46.7,0.0,0.0,0.0,76.6,1.0305,-0.0238,0.0301,0.0,0.0,0.0,W
46.9,0.0,0.0,0.0,76.7,1.0313,-0.0211,0.029,0.0,0.0,0.0,W
46.4,0.0,0.0,0.0,76.0,1.0293,-0.025,0.026,0.0,0.0,0.0,W
46.4,0.0,0.0,0.0,75.9,1.0241,-0.0283,0.0224,0.0,0.0,0.0,W
46.1,0.0,0.0,0.0,75.5,1.0271,-0.0287,0.0175,0.0,0.0,0.0,W
46.5,0.0,0.0,0.0,75.8,1.0258,-0.0261,0.0194,0.0,0.0,0.0,W
46.9,0.0,0.0,0.0,75.9,1.0294,-0.0265,0.0135,0.0,0.0,0.0,W
47.3,0.0,0.0,0.0,76.1,1.0279,-0.0282,0.0089,0.0,0.0,0.0,W
47.6,0.0,0.0,0.0,75.9,1.0251,-0.0263,-0.0005,0.0,0.0,0.0,W
47.9,0.0,0.0,0.0,76.2,1.0217,-0.0279,-0.0071,0.0,0.0,0.0,W
48.0,0.0,0.0,1.3,75.7,1.0232,-0.0265,-0.0108,0.0,0.0,0.0,W
47.4,0.0,0.0,0.7,75.9,1.0224,-0.0249,-0.0168,0.0,0.0,0.0,W
46.5,0.0,0.0,0.4,74.6,1.0227,-0.0285,-0.0234,0.0,0.0,0.0,W
45.7,0.0,0.0,0.2,74.7,1.0239,-0.0291,-0.0302,0.0,0.0,0.0,W
45.5,0.0,0.0,0.1,75.2,1.0222,-0.0296,-0.0347,0.0,0.0,0.0,W
45.4,0.0,0.0,0.1,75.7,1.0229,-0.0281,-0.0381,0.0,0.0,0.0,W
45.4,0.0,0.0,0.1,76.0,1.0237,-0.0239,-0.04,0.0,0.0,0.0,W
45.4,0.0,0.0,0.0,76.3,1.0239,-0.0229,-0.0445,0.0,0.0,0.0,W
45.4,0.0,0.0,0.0,76.5,1.0246,-0.0225,-0.049,0.0,0.0,0.0,W
45.5,0.0,0.0,0.0,76.5,1.0224,-0.0212,-0.051,0.0,0.0,0.0,W
45.7,0.0,0.0,0.0,76.4,1.022,-0.0195,-0.0503,0.0,0.0,0.0,W
45.8,0.0,0.0,0.0,75.3,1.0239,-0.0204,-0.056,0.0,0.0,0.0,W
45.1,0.0,0.0,0.0,75.2,1.023,-0.0212,-0.0605,0.0,0.0,0.0,W
45.1,0.0,0.0,0.0,75.0,1.0238,-0.0213,-0.067,0.0,0.0,0.0,W
45.2,0.0,0.0,0.5,75.1,1.0218,-0.0189,-0.0699,0.0,0.0,0.0,W
45.3,0.0,0.0,0.3,75.5,1.0214,-0.0159,-0.0714,0.0,0.0,0.0,W
45.3,0.0,0.0,0.2,75.6,1.0219,-0.015,-0.0719,0.0,0.0,0.0,W
45.3,0.0,0.0,0.1,75.8,1.022,-0.015,-0.0746,0.0,0.0,0.0,W
45.4,0.0,0.0,0.2,75.7,1.0231,-0.0154,-0.0772,0.0,0.0,0.0,W
45.5,0.0,0.0,0.1,75.9,1.0233,-0.0156,-0.0775,0.0,0.0,0.0,W
45.6,0.0,0.0,0.1,75.1,1.0222,-0.0134,-0.0749,0.0,0.0,0.0,W
40.7,90.3,85.8,74.5,0.0,-0.7776,0.2342,0.5799,0.0,0.0,0.0,Y
40.2,90.2,84.8,74.6,0.0,-0.78,0.2341,0.5784,0.0,0.0,0.0,Y
39.6,90.1,84.4,74.8,0.0,-0.7801,0.2309,0.576,0.0,0.0,0.0,Y
39.7,90.0,84.1,74.9,0.0,-0.7818,0.2311,0.5761,0.0,0.0,0.0,Y
39.2,89.8,84.0,75.0,0.0,-0.7815,0.23,0.5735,0.0,0.0,0.0,Y
39.2,89.2,84.0,75.0,0.0,-0.7812,0.2282,0.5718,0.0,0.0,0.0,Y
39.3,88.6,83.9,75.0,0.0,-0.7817,0.2292,0.5702,0.0,0.0,0.0,Y
39.5,88.2,83.9,75.0,0.0,-0.7836,0.2248,0.5687,0.0,0.0,0.0,Y
39.7,87.9,83.9,75.0,0.0,-0.7825,0.2253,0.5652,0.0,0.0,0.0,Y
39.9,87.5,83.9,74.8,0.0,-0.7822,0.2252,0.5652,0.0,0.0,0.0,Y
40.1,87.2,83.8,74.8,0.0,-0.7835,0.2255,0.5632,0.0,0.0,0.0,Y
40.1,86.7,83.9,74.9,0.0,-0.7849,0.2275,0.5616,0.0,0.0,0.0,Y
40.2,86.6,84.0,74.9,0.0,-0.7857,0.2252,0.5609,0.0,0.0,0.0,Y
40.5,86.5,84.1,74.9,0.0,-0.7849,0.2265,0.5582,0.0,0.0,0.0,Y
40.7,86.5,84.2,75.0,0.0,-0.7851,0.2256,0.5599,0.0,0.0,0.0,Y
41.2,86.5,84.3,75.0,0.0,-0.7854,0.2285,0.5584,0.0,0.0,0.0,Y
41.6,86.6,84.4,75.0,0.0,-0.7877,0.23,0.5602,0.0,0.0,0.0,Y
41.9,86.6,84.6,74.9,0.0,-0.7862,0.2302,0.5599,0.0,0.0,0.0,Y
42.2,86.7,84.7,75.0,0.0,-0.7868,0.2296,0.56,0.0,0.0,0.0,Y
42.5,86.7,84.8,75.2,0.0,-0.7866,0.23,0.5584,0.0,0.0,0.0,Y
42.7,86.8,84.9,75.4,0.0,-0.7874,0.2305,0.5582,0.0,0.0,0.0,Y
43.0,86.9,85.0,75.6,0.0,-0.7877,0.2305,0.5575,0.0,0.0,0.0,Y
43.3,87.0,85.1,75.8,0.0,-0.7873,0.2323,0.5571,0.0,0.0,0.0,Y
43.4,87.1,85.1,75.9,0.0,-0.7855,0.2284,0.5592,0.0,0.0,0.0,Y
43.6,87.2,85.0,76.1,0.0,-0.7903,0.2326,0.5575,0.0,0.0,0.0,Y
43.7,87.2,85.0,76.3,0.0,-0.7898,0.2294,0.5557,0.0,0.0,0.0,Y
43.7,87.3,85.0,76.4,0.0,-0.7912,0.2257,0.5531,0.0,0.0,0.0,Y
43.7,87.3,85.0,75.8,0.0,-0.7931,0.2241,0.5502,0.0,0.0,0.0,Y
43.5,87.2,85.4,75.9,0.0,-0.8001,0.2253,0.5509,0.0,0.0,0.0,Y
43.3,87.2,85.8,75.8,0.0,-0.7974,0.2206,0.547,0.0,0.0,0.0,Y
43.3,87.2,86.1,76.0,0.0,-0.7973,0.2187,0.5442,0.0,0.0,0.0,Y
43.4,87.2,86.4,76.0,0.0,-0.799,0.2178,0.5413,0.0,0.0,0.0,Y
43.4,87.2,86.8,76.1,0.0,-0.8017,0.2164,0.5412,0.0,0.0,0.0,Y
43.3,87.2,86.9,76.1,0.0,-0.8021,0.2132,0.5426,0.0,0.0,0.0,Y
43.4,87.2,87.0,76.1,0.0,-0.8061,0.2175,0.5432,0.0,0.0,0.0,Y
43.6,87.3,87.1,75.9,0.0,-0.8045,0.2154,0.5418,0.0,0.0,0.0,Y
43.8,87.3,87.2,75.3,0.0,-0.8039,0.2139,0.5405,0.0,0.0,0.0,Y
44.0,87.4,87.2,75.3,0.0,-0.807,0.2172,0.5399,0.0,0.0,0.0,Y
44.1,87.4,87.4,75.3,0.0,-0.8022,0.2145,0.5377,0.0,0.0,0.0,Y
44.3,87.4,87.4,74.5,0.0,-0.8047,0.2139,0.5368,0.0,0.0,0.0,Y
43.0,87.5,87.3,74.1,0.0,-0.8073,0.2173,0.5341,0.0,0.0,0.0,Y
43.2,87.5,87.1,73.9,0.0,-0.8041,0.2182,0.5342,0.0,0.0,0.0,Y
43.3,87.6,85.3,74.0,0.0,-0.8036,0.2144,0.5359,0.0,0.0,0.0,Y
43.5,87.6,85.4,74.0,0.0,-0.8074,0.2221,0.5349,0.0,0.0,0.0,Y
43.6,87.5,85.0,74.2,0.0,-0.8066,0.2245,0.5312,0.0,0.0,0.0,Y
43.6,87.2,85.1,74.3,0.0,-0.8056,0.218,0.5353,0.0,0.0,0.0,Y
43.7,87.1,83.8,74.4,0.0,-0.8098,0.2213,0.5333,0.0,0.0,0.0,Y
43.6,87.0,81.8,74.5,0.0,-0.8033,0.2227,0.5299,0.0,0.0,0.0,Y
43.0,87.0,80.7,74.6,0.0,-0.8044,0.2247,0.5351,0.0,0.0,0.0,Y
43.1,87.1,80.1,74.7,0.0,-0.8036,0.225,0.5349,0.0,0.0,0.0,Y
42.8,87.1,79.9,74.8,0.0,-0.8056,0.2291,0.5368,0.0,0.0,0.0,Y
41.7,86.6,80.0,74.9,0.0,-0.803,0.2273,0.5324,0.0,0.0,0.0,Y
42.0,86.0,80.5,74.9,0.0,-0.8065,0.2312,0.5349,0.0,0.0,0.0,Y
42.2,85.8,81.2,75.0,0.0,-0.8071,0.2292,0.5304,0.0,0.0,0.0,Y
42.4,85.8,81.7,75.0,0.0,-0.8067,0.232,0.5323,0.0,0.0,0.0,Y
41.9,85.9,82.1,75.1,0.0,-0.8057,0.2349,0.5321,0.0,0.0,0.0,Y
41.2,85.9,82.4,75.1,0.0,-0.8041,0.2346,0.5307,0.0,0.0,0.0,Y
40.9,85.9,82.7,75.0,0.0,-0.8031,0.2326,0.5314,0.0,0.0,0.0,Y
